name,billing_name,print_name,sku,category,brand,unit_price,pack_size,status,stock_qty,gst_rate,unit,step_size,team_id
"W TFC 100 ML","W TFC 100 ML","W TFC 100 ML","86619","NIVEA","NIVEA",186.74,"100 ML",outOfStock,0,18,pcs,1,MA
"SOFT  50 ML","SOFT  50 ML","SOFT  50 ML","89054","NIVEA","NIVEA",108.75,"50 ML",outOfStock,0,18,pcs,1,MA
"SOFT 300 ML","SOFT 300 ML","SOFT 300 ML","89063","NIVEA","NIVEA",543.75,"300 ML",outOfStock,0,18,pcs,1,MA
"SOFT 200 ML","SOFT 200 ML","SOFT 200 ML","89050","NIVEA","NIVEA",374.25,"200 ML",outOfStock,0,18,pcs,1,MA
"SOFT 100 ML","SOFT 100 ML","SOFT 100 ML","89059","NIVEA","NIVEA",217.5,"100 ML",outOfStock,0,18,pcs,1,MA
"SMOOTH MILK NBL 200 ML","SMOOTH MILK NBL 200 ML","SMOOTH MILK NBL 200 ML","99576","NIVEA","NIVEA",247.49,"200 ML",available,44,18,pcs,1,MA
"W SCRUB 150 ML","W SCRUB 150 ML","W SCRUB 150 ML","86681","NIVEA","NIVEA",149.25,"150 ML",outOfStock,0,18,pcs,1,MA
"SG LEMON & OIL","SG LEMON & OIL","SG LEMON & OIL","81067","NIVEA","NIVEA",254.24,"250 ML",outOfStock,0,18,pcs,1,MA
"SG FRANGIPANI & OIL","SG FRANGIPANI & OIL","SG FRANGIPANI & OIL","80863","NIVEA","NIVEA",254.24,"250 ML",outOfStock,0,18,pcs,1,MA
"SG COOL KICK","SG COOL KICK","SG COOL KICK","","NIVEA","NIVEA",242.42,"250 ML",outOfStock,0,5,pcs,1,MA
"SG ACTIVE CLEAN","SG ACTIVE CLEAN","SG ACTIVE CLEAN","","NIVEA","NIVEA",285.71,"250 ML",available,22,5,pcs,1,MA
"DEO PROTECT FEMALE","DEO PROTECT FEMALE","DEO PROTECT FEMALE","85914","NIVEA","NIVEA",242.68,"150 ML",outOfStock,0,18,pcs,1,MA
"MEN DARK CREME  30 ML","MEN DARK CREME  30 ML","MEN DARK CREME  30 ML","83928","NIVEA","NIVEA",82.5,"30 ML",available,49,18,pcs,1,MA
"MEN CREAM 30 ML","MEN CREAM 30 ML","MEN CREAM 30 ML","83923","NIVEA","NIVEA",74.25,"30 ML",available,49,18,pcs,1,MA
"OIL CONTROL MFW 100 ML","OIL CONTROL MFW 100 ML","OIL CONTROL MFW 100 ML","88869","NIVEA","NIVEA",194.25,"100 ML",outOfStock,0,18,pcs,1,MA
"DARK SPOT MFW  50 ML","DARK SPOT MFW  50 ML","DARK SPOT MFW  50 ML","88835","NIVEA","NIVEA",96.75,"50 ML",outOfStock,0,18,pcs,1,MA
"DARK SPOT MFW 100 ML","DARK SPOT MFW 100 ML","DARK SPOT MFW 100 ML","88836","NIVEA","NIVEA",194.24,"100 ML",outOfStock,0,18,pcs,1,MA
"ALL IN 1 MFW  50 ML","ALL IN 1 MFW  50 ML","ALL IN 1 MFW  50 ML","81779","NIVEA","NIVEA",111.75,"50 ML",outOfStock,0,18,pcs,1,MA
"ALL IN 1 MFW 100 ML","ALL IN 1 MFW 100 ML","ALL IN 1 MFW 100 ML","81775","NIVEA","NIVEA",246.75,"100 ML",outOfStock,0,18,pcs,1,MA
"RO NATURAL","RO NATURAL","RO NATURAL","82809","NIVEA","NIVEA",186.74,"50 ML",available,7,18,pcs,1,MA
"EXTRA WHITE NBL  75 ML","EXTRA WHITE NBL  75 ML","EXTRA WHITE NBL  75 ML","88330","NIVEA","NIVEA",111.74,"75 ML",available,31,18,pcs,1,MA
"EXTRA WHITE NBL 400 ML","EXTRA WHITE NBL 400 ML","EXTRA WHITE NBL 400 ML","89137","NIVEA","NIVEA",483.73,"400 ML",outOfStock,0,18,pcs,1,MA
"HYDRATION NBL  75 ML","HYDRATION NBL  75 ML","HYDRATION NBL  75 ML","80305","NIVEA","NIVEA",111.74,"75 ML",available,58,18,pcs,1,MA
"BLUE  60 ML","BLUE  60 ML","BLUE  60 ML","80102","NIVEA","NIVEA",112.5,"60 ML",outOfStock,0,18,pcs,1,MA
"BLUE  30 ML","BLUE  30 ML","BLUE  30 ML","80101","NIVEA","NIVEA",67.5,"30 ML",outOfStock,0,18,pcs,1,MA
"BLUE 200 ML","BLUE 200 ML","BLUE 200 ML","80132","NIVEA","NIVEA",392.98,"200 ML",outOfStock,0,18,pcs,1,MA
"BLUE 100 ML","BLUE 100 ML","BLUE 100 ML","80130","NIVEA","NIVEA",206.24,"100 ML",outOfStock,0,18,pcs,1,MA
"DEO COOL KICK","DEO COOL KICK","DEO COOL KICK","82883","NIVEA","NIVEA",254.24,"150 ML",outOfStock,0,18,pcs,1,MA
"BODY MILK NBL  75 ML","BODY MILK NBL  75 ML","BODY MILK NBL  75 ML","99572","NIVEA","NIVEA",63.75,"75 ML",available,14,18,pcs,1,MA
"BODY MILK NBL 200 ML","BODY MILK NBL 200 ML","BODY MILK NBL 200 ML","99574","NIVEA","NIVEA",206.24,"200 ML",outOfStock,0,18,pcs,1,MA
"BODY MILK NBL 400 ML","BODY MILK NBL 400 ML","BODY MILK NBL 400 ML","80204","NIVEA","NIVEA",389.98,"400 ML",outOfStock,0,18,pcs,1,MA
"DEO ACTIVE ORIGINAL","DEO ACTIVE ORIGINAL","DEO ACTIVE ORIGINAL","81600","NIVEA","NIVEA",242.68,"150 ML",outOfStock,0,18,pcs,1,MA
"DEO OCEAN","DEO OCEAN","DEO OCEAN","80052","NIVEA","NIVEA",242.68,"150 ML",outOfStock,0,18,pcs,1,MA
"OLD DEO POWER CHARGE","OLD DEO POWER CHARGE","OLD DEO POWER CHARGE","82912","NIVEA","NIVEA",173.34,"150 ML",outOfStock,0,18,pcs,1,MA
"DEO PEARL N BEAUTY","DEO PEARL N BEAUTY","DEO PEARL N BEAUTY","83731","NIVEA","NIVEA",230.35,"150 ML",outOfStock,0,18,pcs,1,MA
"OLD DEO SENSITIVE","OLD DEO SENSITIVE","OLD DEO SENSITIVE","82924","NIVEA","NIVEA",161.02,"150 ML",outOfStock,0,18,pcs,1,MA
"DEO SMOOTH SKIN","DEO SMOOTH SKIN","DEO SMOOTH SKIN","82967","NIVEA","NIVEA",254.24,"150 ML",outOfStock,0,18,pcs,1,MA
"DEO FRESH NATURAL","DEO FRESH NATURAL","DEO FRESH NATURAL","81601","NIVEA","NIVEA",242.68,"150 ML",outOfStock,0,18,pcs,1,MA
"OLD DEO FRESH FLOWER","OLD DEO FRESH FLOWER","OLD DEO FRESH FLOWER","80058","NIVEA","NIVEA",153.32,"150 ML",outOfStock,0,18,pcs,1,MA
"DEO FRESH COMFORT","DEO FRESH COMFORT","DEO FRESH COMFORT","80055","NIVEA","NIVEA",242.68,"150 ML",outOfStock,0,18,pcs,1,MA
"RO PEARL N BEAUTY","RO PEARL N BEAUTY","RO PEARL N BEAUTY","83735","NIVEA","NIVEA",186.74,"50 ML",available,7,18,pcs,1,MA
"RO SMOOTH SKIN","RO SMOOTH SKIN","RO SMOOTH SKIN","82252","NIVEA","NIVEA",186.74,"50 ML",available,30,18,pcs,1,MA
"RO FEMALE P/C","RO FEMALE P/C","RO FEMALE P/C","85908","NIVEA","NIVEA",186.74,"50 ML",available,53,18,pcs,1,MA
"RO COOL KICK","RO COOL KICK","RO COOL KICK","82886","NIVEA","NIVEA",186.74,"50 ML",available,16,18,pcs,1,MA
"RO ACTIVE","RO ACTIVE","RO ACTIVE","82808","NIVEA","NIVEA",186.74,"50 ML",available,1,18,pcs,1,MA
"RO POWER","RO POWER","RO POWER","82914","NIVEA","NIVEA",186.75,"50 ML",outOfStock,0,18,pcs,1,MA
"SOFT  25 ML","SOFT  25 ML","SOFT  25 ML","89053","NIVEA","NIVEA",41.25,"25 ML",available,8,18,pcs,1,MA
"MEN DARK CREME  75 ML","MEN DARK CREME  75 ML","MEN DARK CREME  75 ML","83927","NIVEA","NIVEA",194.25,"75 ML",outOfStock,0,18,pcs,1,MA
"MEN DARK CREME 150 ML","MEN DARK CREME 150 ML","MEN DARK CREME 150 ML","83926","NIVEA","NIVEA",344.23,"150 ML",outOfStock,0,18,pcs,1,MA
"MEN CREME 75 ML","MEN CREME 75 ML","MEN CREME 75 ML","83922","NIVEA","NIVEA",206.25,"75 ML",outOfStock,0,18,pcs,1,MA
"OIL CONTROL MFW  50 ML","OIL CONTROL MFW  50 ML","OIL CONTROL MFW  50 ML","88868","NIVEA","NIVEA",89.25,"50 ML",outOfStock,0,18,pcs,1,MA
"OLD MOIS DARK SPOT 50 ML","OLD MOIS DARK SPOT 50 ML","OLD MOIS DARK SPOT 50 ML","88527","NIVEA","NIVEA",0,"50 ML",outOfStock,0,18,pcs,1,MA
"PUMP MFW 150 ML","PUMP MFW 150 ML","PUMP MFW 150 ML","83943","NIVEA","NIVEA",336.73,"150 ML",outOfStock,0,18,pcs,1,MA
"SHAVING SENSITIVE GEL","SHAVING SENSITIVE GEL","SHAVING SENSITIVE GEL","81740","NIVEA","NIVEA",299.24,"200 ML",available,13,5,pcs,1,MA
"SHAVING SENSITIVE FOAM","SHAVING SENSITIVE FOAM","SHAVING SENSITIVE FOAM 200ML","PCS","NIVEA","NIVEA",316.06,"200 ML",outOfStock,0,2.5,pcs,1,MA
"SHAVING SENSITIVE LOTION","SHAVING SENSITIVE LOTION","SHAVING SENSITIVE LOTION 100ML NO EXPIRY RETURN","81314","NIVEA","NIVEA",243.57,"100 ML",outOfStock,0,5,pcs,1,MA
"W REFRESHING 150 ML","W REFRESHING 150 ML","W REFRESHING 150 ML","86640","NIVEA","NIVEA",168.74,"150 ML",outOfStock,0,18,pcs,1,MA
"W PURIFYING 150 ML","W PURIFYING 150 ML","W PURIFYING 150 ML","86642","NIVEA","NIVEA",183.74,"150 ML",outOfStock,0,18,pcs,1,MA
"EXTRA WHITE NBL 200 ML","EXTRA WHITE NBL 200 ML","EXTRA WHITE NBL 200 ML","89135","NIVEA","NIVEA",247.49,"200 ML",available,11,18,pcs,1,MA
"EVEN TONE  75 ML","EVEN TONE  75 ML","EVEN TONE  75 ML","83801","NIVEA","NIVEA",86.25,"75 ML",outOfStock,0,18,pcs,1,MA
"EVEN TONE 200 ML","EVEN TONE 200 ML","EVEN TONE 200 ML","83805","NIVEA","NIVEA",206.25,"200 ML",outOfStock,0,18,pcs,1,MA
"EVEN TONE 400 ML","EVEN TONE 400 ML","EVEN TONE 400 ML","83807","NIVEA","NIVEA",318.75,"400 ML",outOfStock,0,18,pcs,1,MA
"COCOA NBL  75 ML","COCOA NBL  75 ML","COCOA NBL  75 ML","88408","NIVEA","NIVEA",111.75,"75 ML",outOfStock,0,18,pcs,1,MA
"COCOA NBL 200 ML","COCOA NBL 200 ML","COCOA NBL 200 ML","88409","NIVEA","NIVEA",247.49,"200 ML",available,14,18,pcs,1,MA
"COCOA NBL 400 ML","COCOA NBL 400 ML","COCOA NBL 400 ML","88411","NIVEA","NIVEA",423.75,"400 ML",outOfStock,0,18,pcs,1,MA
"HYDRATION NBL 200 ML","HYDRATION NBL 200 ML","HYDRATION NBL 200 ML","99575","NIVEA","NIVEA",232.49,"200 ML",available,13,18,pcs,1,MA
"HYDRATION NBL 400 ML","HYDRATION NBL 400 ML","HYDRATION NBL 400 ML","83825","NIVEA","NIVEA",449.23,"400 ML",outOfStock,0,18,pcs,1,MA
"SMOOTH MILK NBL  75 ML","SMOOTH MILK NBL  75 ML","SMOOTH MILK NBL  75 ML","99573","NIVEA","NIVEA",97.5,"75 ML",outOfStock,0,18,pcs,1,MA
"SMOOTH MILK NBL 400 ML","SMOOTH MILK NBL 400 ML","SMOOTH MILK NBL 400 ML","80213","NIVEA","NIVEA",423.73,"400 ML",outOfStock,0,18,pcs,1,MA
"ESSENTIAL BLISTER 10 G","ESSENTIAL BLISTER 10 G","ESSENTIAL BLISTER 10 G","85281","NIVEA","NIVEA",55.27,"10 G",available,5,18,pcs,1,MA
"LIP STRAWBERRY","LIP STRAWBERRY","LIP STRAWBERRY","85083","NIVEA","NIVEA",191.6,"4.8 G",available,28,18,pcs,1,MA
"LIP CHERRY","LIP CHERRY","LIP CHERRY","85077","NIVEA","NIVEA",191.6,"4.8 G",available,14,18,pcs,1,MA
"LIP PEACH","LIP PEACH","LIP PEACH","85031","NIVEA","NIVEA",191.6,"4.8 G",available,3,18,pcs,1,MA
"LIP SOFT ROSE","LIP SOFT ROSE","LIP SOFT ROSE","85066","NIVEA","NIVEA",191.6,"4.8 G",available,14,18,pcs,1,MA
"LIP ORIGINAL","LIP ORIGINAL","LIP ORIGINAL","85061","NIVEA","NIVEA",128.96,"4.8 G",outOfStock,0,18,pcs,1,MA
"LIP MEN ACTIVE","LIP MEN ACTIVE","LIP MEN ACTIVE","85152","NIVEA","NIVEA",128.96,"4.8 G",outOfStock,0,18,pcs,1,MA
"SG ENERGY","SG ENERGY","SG ENERGY","","NIVEA","NIVEA",242.42,"250 ML",outOfStock,0,5,pcs,1,MA
"SG VITALITY FRESH","SG VITALITY FRESH","SG VITALITY FRESH","","NIVEA","NIVEA",242.42,"250 ML",outOfStock,0,5,pcs,1,MA
"SG PURE IMPACT","SG PURE IMPACT","SG PURE IMPACT","","NIVEA","NIVEA",285.71,"250 ML",outOfStock,0,5,pcs,1,MA
"500ML SG PURE IMPACT","500ML SG PURE IMPACT","500ML SG PURE IMPACT","80893","NIVEA","NIVEA",422.96,"500 ML",available,12,18,pcs,1,MA
"SG CREME CARE","SG CREME CARE","SG CREME CARE","83625","NIVEA","NIVEA",192.6,"250 ML",available,68,18,pcs,1,MA
"SG CREME SOFT","SG CREME SOFT","SG CREME SOFT","80802","NIVEA","NIVEA",254.24,"250 ML",outOfStock,0,18,pcs,1,MA
"SG WATER LILY & OIL","SG WATER LILY & OIL","SG WATER LILY & OIL","80789","NIVEA","NIVEA",254.24,"250 ML",outOfStock,0,18,pcs,1,MA
"SG FRUIT RELAX","SG FRUIT RELAX","SG POWERFRUIT RELAX","81069","NIVEA","NIVEA",192.6,"250 ML",available,72,18,pcs,1,MA
"SUN SPF30  75 ML","SUN SPF30  75 ML","SUN SPF30  75 ML","85597","NIVEA","NIVEA",276.34,"75 ML",outOfStock,0,18,pcs,1,MA
"SUN SPF30 125 ML","SUN SPF30 125 ML","SUN SPF30 125 ML","85572","NIVEA","NIVEA",383.2,"125 ML",outOfStock,0,18,pcs,1,MA
"SUN SPF50 125 ML","SUN SPF50 125 ML","SUN SPF50 125 ML","85661","NIVEA","NIVEA",662.49,"125 ML",available,8,18,pcs,1,MA
"SUN SPF50  75 ML","SUN SPF50  75 ML","SUN SPF50  75 ML","85673","NIVEA","NIVEA",405.31,"75 ML",available,24,18,pcs,1,MA
"LIP BLACKBERRY","LIP BLACKBERRY","LIP BLACKBERRY","85286","NIVEA","NIVEA",191.6,"4.8 G",available,10,18,pcs,1,MA
"FRUITY BLISTER 10 G","FRUITY BLISTER 10 G","FRUITY BLISTER 10 G","852820490133","NIVEA","NIVEA",0,"10 G",outOfStock,0,18,pcs,1,MA
"SG FRESH PURE","SG FRESH PURE","SG FRESH PURE","83629","NIVEA","NIVEA",192.6,"250 ML",available,57,18,pcs,1,MA
"RO MEN P/C","RO MEN P/C","RO MEN P/C","85948","NIVEA","NIVEA",186.74,"50 ML",available,13,18,pcs,1,MA
"25ML RO ACTIVE","25ML RO ACTIVE","25ML RO ACTIVE","82819","NIVEA","NIVEA",93.75,"25 ML",available,10,18,pcs,1,MA
"25ML RO SMOOTH SKIN","25ML RO SMOOTH SKIN","25ML RO SMOOTH SKIN","82864","NIVEA","NIVEA",93.75,"25 ML",available,51,18,pcs,1,MA
"25ML RO COOL KICK","25ML RO COOL KICK","25ML RO COOL KICK","82978","NIVEA","NIVEA",93.75,"25 ML",available,26,18,pcs,1,MA
"25ML RO PEARL & BEAUTY","25ML RO PEARL & BEAUTY","25ML RO PEARL & BEAUTY","83734","NIVEA","NIVEA",93.75,"25 ML",available,179,18,pcs,1,MA
"DEO PROTECT MALE","DEO PROTECT MALE","DEO PROTECT MALE","85953","NIVEA","NIVEA",242.68,"150 ML",outOfStock,0,18,pcs,1,MA
"500ML SG ACTIVE CLEAN","500ML SG ACTIVE CLEAN","500ML SG ACTIVE CLEAN","84046","NIVEA","NIVEA",422.96,"500 ML",available,6,18,pcs,1,MA
"ALOE NBL 200 ML","ALOE NBL 200 ML","ALOE NBL 200 ML","87400","NIVEA","NIVEA",224.25,"200 ML",outOfStock,0,18,pcs,1,MA
"ALOE NBL  75 ML","ALOE NBL  75 ML","ALOE NBL  75 ML","87414","NIVEA","NIVEA",90,"75 ML",outOfStock,0,18,pcs,1,MA
"ALOE NBL 400 ML","ALOE NBL 400 ML","ALOE NBL 400 ML","88397","NIVEA","NIVEA",449.25,"400 ML",outOfStock,0,18,pcs,1,MA
"DEO DEEP IMPACT","DEO DEEP IMPACT","DEO DEEP IMPACT","80027","NIVEA","NIVEA",230.35,"150 ML",available,18,18,pcs,1,MA
"RO DEEP IMPACT","RO DEEP IMPACT","RO DEEP IMPACT","80031","NIVEA","NIVEA",186.74,"50 ML",available,12,18,pcs,1,MA
"DEEP IMPACT MFW 100 ML","DEEP IMPACT MFW 100 ML","DEEP IMPACT MFW 100 ML","81787","NIVEA","NIVEA",213.75,"100 ML",outOfStock,0,18,pcs,1,MA
"SG DEEP IMPACT","SG DEEP IMPACT","SG DEEP IMPACT","","NIVEA","NIVEA",285.71,"250 ML",outOfStock,0,5,pcs,1,MA
"LIP WATERMELON","LIP WATERMELON","LIP WATERMELON","85236","NIVEA","NIVEA",191.6,"4.8 G",available,5,18,pcs,1,MA
"SOFT JAR  25 ML","SOFT JAR  25 ML","SOFT JAR  25 ML","890530490140","NIVEA","NIVEA",495,"11+1",outOfStock,0,18,pcs,1,MA
"LIP POMEGRANATE","LIP POMEGRANATE","LIP POMEGRANATE","85207","NIVEA","NIVEA",191.6,"4.8 G",available,43,18,pcs,1,MA
"MD GRAMFLOUR 100G","MD GRAMFLOUR 100G","MD GRAMFLOUR 100G","87416","NIVEA","NIVEA",172.49,"100 G",available,14,18,pcs,1,MA
"MD GRAMFLOUR  50G","MD GRAMFLOUR  50G","MD GRAMFLOUR  50G","87417","NIVEA","NIVEA",86.25,"50 G",outOfStock,0,18,pcs,1,MA
"MD ROSE WATER 100G","MD ROSE WATER 100G","MD ROSE WATER 100G","87430","NIVEA","NIVEA",172.49,"100 G",available,6,18,pcs,1,MA
"MD ROSE WATER  50G","MD ROSE WATER  50G","MD ROSE WATER  50G","87431","NIVEA","NIVEA",86.25,"50 G",outOfStock,0,18,pcs,1,MA
"MD HONEY 100G","MD HONEY 100G","MD HONEY 100G","87440","NIVEA","NIVEA",172.49,"100 G",outOfStock,0,18,pcs,1,MA
"MD HONEY  50G","MD HONEY  50G","MD HONEY  50G","87441","NIVEA","NIVEA",86.25,"50 G",outOfStock,0,18,pcs,1,MA
"MD SAFFRON 100G","MD SAFFRON 100G","MD SAFFRON 100G","87449","NIVEA","NIVEA",172.49,"100 G",available,9,18,pcs,1,MA
"MD SAFFRON  50G","MD SAFFRON  50G","MD SAFFRON  50G","87450","NIVEA","NIVEA",74.25,"50 G",outOfStock,0,18,pcs,1,MA
"SS BERRY 100ML","SS BERRY 100ML","SS BERRY 100ML","80182","NIVEA","NIVEA",217.49,"100 ML",outOfStock,0,18,pcs,1,MA
"SS BERRY 200ML","SS BERRY 200ML","SS BERRY 200ML","80183","NIVEA","NIVEA",336.73,"200 ML",available,8,18,pcs,1,MA
"25ML RO SENSITIVE","25ML RO SENSITIVE","25ML RO SENSITIVE","82254","NIVEA","NIVEA",93.75,"25 ML",available,31,18,pcs,1,MA
"125ML LEMON OIL SGEL","125ML LEMON OIL SGEL","125ML LEMON OIL SGEL","84581","NIVEA","NIVEA",104.01,"125 ML",available,8,18,pcs,1,MA
"125ML WATER LILY SGEL","125ML WATER LILY SGEL","125ML WATER LILY SGEL","84582","NIVEA","NIVEA",104.01,"125 ML",available,17,18,pcs,1,MA
"125ML FRANGIPANI SGEL","125ML FRANGIPANI SGEL","125ML FRANGIPANI SGEL","84583","NIVEA","NIVEA",104.01,"125 ML",available,40,18,pcs,1,MA
"125ML FRESH PURE SGEL","125ML FRESH PURE SGEL","125ML FRESH PURE SGEL","84584","NIVEA","NIVEA",104.01,"125 ML",available,34,18,pcs,1,MA
"25ML RO NATURAL","25ML RO NATURAL","25ML RO NATURAL","82820","NIVEA","NIVEA",93.75,"25 ML",available,60,18,pcs,1,MA
"RO SENSITIVE","RO SENSITIVE","RO SENSITIVE","83781","NIVEA","NIVEA",186.74,"50 ML",available,13,18,pcs,1,MA
"RO SILVER","RO SILVER","RO SILVER","83778","NIVEA","NIVEA",186.74,"50 ML",available,22,18,pcs,1,MA
"ACNE MFW 100 ML","ACNE MFW 100 ML","ACNE MFW 100 ML","82378","NIVEA","NIVEA",194.25,"100 ML",outOfStock,0,18,pcs,1,MA
"ACNE MFW  50 ML","ACNE MFW  50 ML","ACNE MFW  50 ML","82379","NIVEA","NIVEA",89.25,"50 ML",outOfStock,0,18,pcs,1,MA
"CHARCOAL FW 100 ML","CHARCOAL FW 100 ML","CHARCOAL FW 100 ML","83940","NIVEA","NIVEA",206.25,"100 ML",outOfStock,0,18,pcs,1,MA
"CHARCOAL FW  50 ML","CHARCOAL FW  50 ML","CHARCOAL FW  50 ML","83941","NIVEA","NIVEA",97.5,"50 ML",outOfStock,0,18,pcs,1,MA
"500ML SG LEMON","500ML SG LEMON","500ML SG LEMON","84469","NIVEA","NIVEA",422.96,"500 ML",available,10,18,pcs,1,MA
"500ML SG FRANGIPANI","500ML SG FRANGIPANI","500ML SG FRANGIPANI","84557","NIVEA","NIVEA",422.96,"500 ML",available,1,18,pcs,1,MA
"MD TURMERIC  50G","MD TURMERIC  50G","MD TURMERIC  50G","86958","NIVEA","NIVEA",74.25,"50 G",outOfStock,0,18,pcs,1,MA
"MD TURMERIC 100G","MD TURMERIC 100G","MD TURMERIC 100G","86959","NIVEA","NIVEA",172.49,"100 G",available,13,18,pcs,1,MA
"DEEP IMPACT MFW  50 ML","DEEP IMPACT MFW  50 ML","DEEP IMPACT MFW  50 ML","84416","NIVEA","NIVEA",97.5,"50 ML",available,1,18,pcs,1,MA
"BODY MILK NBL  50 ML","BODY MILK NBL  50 ML","BODY MILK NBL  50 ML","96801","NIVEA","NIVEA",41.25,"50 ML",outOfStock,0,18,pcs,1,MA
"OLD DEO 42K","OLD DEO 42K","OLD DEO 42K","85394","NIVEA","NIVEA",0,"150 ML",outOfStock,0,18,pcs,1,MA
"BLUE JAR 25ML 11+1","BLUE JAR 25ML 11+1","BLUE JAR 25ML 11+1","80140","NIVEA","NIVEA",536.25,"11+1",outOfStock,0,18,pcs,1,MA
"OLD ALOE SPF15  75 ML","OLD ALOE SPF15  75 ML","OLD ALOE SPF15  75 ML","85737","NIVEA","NIVEA",111.74,"75 ML",outOfStock,0,18,pcs,1,MA
"ALOE SPF15 NBL 200 ML","ALOE SPF15 NBL 200 ML","ALOE SPF15 NBL 200 ML","85738","NIVEA","NIVEA",262.5,"200 ML",outOfStock,0,18,pcs,1,MA
"ALOE SPF15 NBL 400 ML","ALOE SPF15 NBL 400 ML","ALOE SPF15 NBL 400 ML","85804","NIVEA","NIVEA",483.73,"400 ML",outOfStock,0,18,pcs,1,MA
"OLD MEN FRESH GEL 75 ML","OLD MEN FRESH GEL 75 ML","OLD MEN FRESH GEL 75 ML","82518","NIVEA","NIVEA",0,"75 ML",outOfStock,0,18,pcs,1,MA
"SS PEACH  50ML","SS PEACH  50ML","SS PEACH  50ML","85875","NIVEA","NIVEA",97.5,"50 ML",outOfStock,0,18,pcs,1,MA
"SS PEACH 100ML","SS PEACH 100ML","SS PEACH 100ML","85876","NIVEA","NIVEA",217.49,"100 ML",outOfStock,0,18,pcs,1,MA
"SS PEACH 200ML","SS PEACH 200ML","SS PEACH 200ML","85877","NIVEA","NIVEA",374.23,"200 ML",outOfStock,0,18,pcs,1,MA
"SS POMEGRANATE  50ML","SS POMEGRANATE  50ML","SS POMEGRANATE  50ML","85878","NIVEA","NIVEA",97.5,"50 ML",outOfStock,0,18,pcs,1,MA
"SS POMEGRANATE 100ML","SS POMEGRANATE 100ML","SS POMEGRANATE 100ML","85879","NIVEA","NIVEA",217.49,"100 ML",outOfStock,0,18,pcs,1,MA
"SS POMEGRANATE 200ML","SS POMEGRANATE 200ML","SS POMEGRANATE 200ML","85880","NIVEA","NIVEA",336.73,"200 ML",available,24,18,pcs,1,MA
"BLUE  25 ML","BLUE  25 ML","BLUE  25 ML","","NIVEA","NIVEA",48.75,"25 ML",outOfStock,0,18,pcs,1,MA
"GEL ALOE LOTION  75 ML","GEL ALOE LOTION  75 ML","GEL ALOE LOTION  75 ML","98414","NIVEA","NIVEA",111.75,"75 ML",outOfStock,0,18,pcs,1,MA
"GEL ALOE LOTION 200 ML","GEL ALOE LOTION 200 ML","GEL ALOE LOTION 200 ML","98417","NIVEA","NIVEA",224.24,"200 ML",outOfStock,0,18,pcs,1,MA
"GEL ROSE LOTION  75 ML","GEL ROSE LOTION  75 ML","GEL ROSE LOTION  75 ML","98415","NIVEA","NIVEA",111.75,"75 ML",outOfStock,0,18,pcs,1,MA
"GEL ROSE LOTION 200 ML","GEL ROSE LOTION 200 ML","GEL ROSE LOTION 200 ML","98418","NIVEA","NIVEA",247.49,"200 ML",outOfStock,0,18,pcs,1,MA
"GEL ALOE LOTION 400 ML","GEL ALOE LOTION 400 ML","GEL ALOE LOTION 400 ML","98420","NIVEA","NIVEA",359.23,"400 ML",outOfStock,0,18,pcs,1,MA
"GEL ROSE LOTION 400 ML","GEL ROSE LOTION 400 ML","GEL ROSE LOTION 400 ML","98421","NIVEA","NIVEA",359.23,"400 ML",outOfStock,0,18,pcs,1,MA
"25ML RO PINK","25ML RO PINK","25ML RO PINK","98501","NIVEA","NIVEA",93.75,"25 ML",available,23,18,pcs,1,MA
"RO BLACK","RO BLACK","RO BLACK","85346","NIVEA","NIVEA",186.74,"50 ML",available,24,18,pcs,1,MA
"RO PINK","RO PINK","RO PINK","98500","NIVEA","NIVEA",186.74,"50 ML",available,29,18,pcs,1,MA
"DEO PINK RADIANCE","DEO PINK RADIANCE","DEO PINK RADIANCE","85348","NIVEA","NIVEA",254.24,"150 ML",outOfStock,0,18,pcs,1,MA
"OLD DEO POWER BOOST","OLD DEO POWER BOOST","OLD DEO POWER BOOST","82921","NIVEA","NIVEA",173.34,"150 ML",outOfStock,0,18,pcs,1,MA
"OLD DEO SPORT","OLD DEO SPORT","OLD DEO SPORT","83770","NIVEA","NIVEA",161.79,"150 ML",outOfStock,0,18,pcs,1,MA
"OLD SG APRICOT 300ML","OLD SG APRICOT 300ML","OLD SG APRICOT 300ML","89714","NIVEA","NIVEA",384.44,"300 ML",outOfStock,0,18,pcs,1,MA
"OLD SG RASPBERRY 300ML","OLD SG RASPBERRY 300ML","OLD SG RASPBERRY 300ML","85583","NIVEA","NIVEA",384.44,"300 ML",outOfStock,0,18,pcs,1,MA
"KE SP NEEM & TULSI 100GM","KE SP NEEM & TULSI 100GM","KE SOAP NEEM & TULSI 100GM","","TAC","TAC",57.2,"100 GM",available,37,18,pcs,1,MA
"KE SP VITA C & ORA 100GM","KE SP VITA C & ORA 100GM","KE SOAP VITAMIN C & ORANGE 100GM","","TAC","TAC",57.2,"100 GM",available,36,18,pcs,1,MA
"KE SP MINT 100GM","KE SP MINT 100GM","KE SOAP MINT 100GM","","TAC","TAC",57.2,"100 GM",available,41,18,pcs,1,MA
"KE SP ALOEVERA 100GM","KE SP ALOEVERA 100GM","KE SOAP ALOEVERA 100GM","","TAC","TAC",57.2,"100 GM",available,33,18,pcs,1,MA
"KE SP HALDI CHAN 100 GM","KE SP HALDI CHAN 100 GM","KE SOAP HALDI CHANDAN 100 GM","","TAC","TAC",57.2,"100GM",available,40,18,pcs,1,MA
"TAC KAJAL BLACK","TAC KAJAL BLACK","TAC KAJAL BLACK","","TAC","TAC",114.98,"PCS",available,70,18,pcs,1,MA
"TAC SHRING SIND RED 5ML","TAC SHRING SIND RED 5ML","TAC SHRINGAAR SINDOOR RED 5ML","","TAC","TAC",135.68,"5 ML",available,60,0,pcs,1,MA
"TAC FW KUMKUMADI 50ML","TAC FW KUMKUMADI 50ML","TAC KUMKUMADI FACEWASH 50ML","","TAC","TAC",114.98,"50 ML",available,36,18,pcs,1,MA
"TAC SUN KKUMADI SPF40 50M","TAC SUN KKUMADI SPF40 50M","TAC KUMKUMADI SUNSCREEN SPF40 50ML","","TAC","TAC",121.14,"50 ML",available,50,12,pcs,1,MA
"TAC SHRING SIND MAROON 5M","TAC SHRING SIND MAROON 5M","TAC SHRINGAAR SINDOOR MAROON 5ML","","TAC","TAC",135.68,"5 ML",available,28,0,pcs,1,MA
"TAC FW ASHWANGANDHA 50 M","TAC FW ASHWANGANDHA 50 M","TAC ASHWANGANDHA FACE WASH 50 ML","","TAC","TAC",114.98,"50 ML",available,34,18,pcs,1,MA
"TAC FW VITAMIN C 50ML","TAC FW VITAMIN C 50ML","TAC VITAMIN C FACE WASH WITH ORANGE 50ML","","TAC","TAC",114.98,"50 ML",available,31,18,pcs,1,MA
"TAC FW UBTAN 50ML","TAC FW UBTAN 50ML","TAC UBTAN FACE WASH 50ML","","TAC","TAC",114.98,"50 ML",available,32,18,pcs,1,MA
"TAC FW ELADI & NEEM 50ML","TAC FW ELADI & NEEM 50ML","TAC ELADI & NEEM FACE WASH 50ML","","TAC","TAC",114.98,"50 ML",available,34,18,pcs,1,MA
"TAC ROLL OUDH & ALOE 50ML","TAC ROLL OUDH & ALOE 50ML","TAC OUDH & ALOE ROLL ON 50ML","","TAC","TAC",130,"50 ML",available,30,18,pcs,1,MA
"TAC ROLL ROSE & ALOE 50ML","TAC ROLL ROSE & ALOE 50ML","TAC ROSE & ALOE ROLL ON 50ML","","TAC","TAC",130,"50ML",available,18,18,pcs,1,MA
"TAC WHIT UNDER ARM SERUM","TAC WHIT UNDER ARM SERUM","TAC WHITENING UNDER ARM SERUM WITH LEMON","","TAC","TAC",130,"PCS",available,21,18,pcs,1,MA
"KE FW UBTAN 100ML","KE FW UBTAN 100ML","KE UBTAN FACE WASH 100ML","","TAC","TAC",143.87,"100 ML",available,65,18,pcs,1,MA
"KE FW VITAMIN C","KE FW VITAMIN C","KE VITAMIN C FACE WASH","","TAC","TAC",143.87,"PCS",available,72,18,pcs,1,MA
"TAC ROSE WATER 100ML","TAC ROSE WATER 100ML","TAC ROSE WATER 100ML","","TAC","TAC",143.87,"100 ML",available,58,18,pcs,1,MA
"TAC KKUMADI CLEANS MILK","TAC KKUMADI CLEANS MILK","TAC KUMKUMADI CLEANSING MILK","","TAC","TAC",143.87,"PCS",available,9,18,pcs,1,MA
"KE COFF UNDER EYE SER 10M","KE COFF UNDER EYE SER 10M","KE COFFEE UNDER EYE SERUM 10ML","","TAC","TAC",172.76,"10 ML",available,12,18,pcs,1,MA
"KE FW CHARCOAL 100ML","KE FW CHARCOAL 100ML","KE CHARCOAL FACE WASH 100ML","","TAC","TAC",172.76,"100 ML",available,66,18,pcs,1,MA
"TAC FW KUMKUMADI 100GM","TAC FW KUMKUMADI 100GM","TAC KUMKUMADI FACE WASH 100GM","","TAC","TAC",172.76,"100 GM",available,15,18,pcs,1,MA
"KE FW NEEM TULSI 100GM","KE FW NEEM TULSI 100GM","KE NEEM TULSI FACE WASH 100GM","","TAC","TAC",172.76,"100 GM",available,32,18,pcs,1,MA
"KE LIP WINE GRAPE 5GM","KE LIP WINE GRAPE 5GM","KE WINE GRAPEFRUIT LIP BALM 5GM","","TAC","TAC",172.76,"5 GM",available,22,18,pcs,1,MA
"TAC LIP ROSE 5GM","TAC LIP ROSE 5GM","TAC ROSE LIP BALM 5GM","","TAC","TAC",172.76,"5 GM",available,12,18,pcs,1,MA
"KE LIP WILD ROSE 5GM","KE LIP WILD ROSE 5GM","KE WILD ROSE LIP BALM 5GM","","TAC","TAC",172.76,"5 GM",available,82,18,pcs,1,MA
"KE ROSE WATER 100ML","KE ROSE WATER 100ML","KE ROSE WATER 100ML","","TAC","TAC",172.76,"100 ML",available,9,18,pcs,1,MA
"TAC PER SPICY TRUTH 20ML","TAC PER SPICY TRUTH 20ML","TAC SPICY TRUTH PERFUME 20ML","","TAC","TAC",172.76,"20 ML",available,5,18,pcs,1,MA
"TAC PER LAV DESIRES 20ML","TAC PER LAV DESIRES 20ML","TAC LAVENDER DESIRES PERFUME 20ML","","TAC","TAC",172.76,"20 ML",available,11,18,pcs,1,MA
"TAC KKADI UND EYE SER 10M","TAC KKADI UND EYE SER 10M","TAC KUMKUMADI  UNDER EYE SERUM 10ML","","TAC","TAC",172.76,"10 ML",available,12,18,pcs,1,MA
"TAC HIBI HAIR SER 50ML","TAC HIBI HAIR SER 50ML","TAC HIBISCUS HAIR SERUM MORINGA & BRAHMI 50ML","","TAC","TAC",172.76,"50 ML",available,48,18,pcs,1,MA
"TAC PER RETRO CHARMER 20M","TAC PER RETRO CHARMER 20M","TAC RETRO CHARMER PERFUME 20ML","","TAC","TAC",172.76,"20 ML",available,18,18,pcs,1,MA
"TAC PER BLOOM SECRET 20ML","TAC PER BLOOM SECRET 20ML","TAC BLOOMING SECRETS PERFUME 20ML","","TAC","TAC",172.76,"20 ML",available,8,18,pcs,1,MA
"TAC PER HIGH STREET 20ML","TAC PER HIGH STREET 20ML","TAC HIGH STREET PERFUME 20ML","","TAC","TAC",0,"20 ML",outOfStock,0,18,pcs,1,MA
"TAC PER FORB ROMANCE 20ML","TAC PER FORB ROMANCE 20ML","TAC FORBIDDEN ROMANCE PERFUME 20ML","","TAC","TAC",172.76,"20 ML",available,6,18,pcs,1,MA
"TAC PER SMOKEY AFF 20ML","TAC PER SMOKEY AFF 20ML","TAC SMOKEY AFFAIR PERFUME 20ML","","TAC","TAC",172.76,"20 ML",available,12,18,pcs,1,MA
"TAC KKADI FSCRUB 100GM","TAC KKADI FSCRUB 100GM","TAC KUMKUMADI FACE SCRUB 100GM","","TAC","TAC",201.65,"100 GM",available,27,18,pcs,1,MA
"TAC KKUMADI FACE MOIS 50M","TAC KKUMADI FACE MOIS 50M","TAC KUMKUMADI FACE MOISTURISATION 50ML","","TAC","TAC",201.65,"50 ML",available,42,18,pcs,1,MA
"KE BARAHMASA HOIL 100ML","KE BARAHMASA HOIL 100ML","KE BARAHMASA HAIR OIL 100ML","","TAC","TAC",230.54,"100 ML",available,15,18,pcs,1,MA
"KE NEEM HAIR OIL 100ML","KE NEEM HAIR OIL 100ML","KE NEEM HAIR OIL 100ML","","TAC","TAC",230.54,"100 ML",available,9,18,pcs,1,MA
"KE SH RATNAGARB COF 200GM","KE SH RATNAGARB COF 200GM","KE RATNAGARBHA COFFEE SHAMPOO 200GM","","TAC","TAC",0,"200 GM",outOfStock,0,18,pcs,1,MA
"KE SH GANDHSAAR SAND 200G","KE SH GANDHSAAR SAND 200G","KE GANDHSAAR SANDALWOOD SHAMPOO 200GM","","TAC","TAC",230.54,"200 GM",available,32,18,pcs,1,MA
"KE SH KADLIVANA BNNA 200G","KE SH KADLIVANA BNNA 200G","KE KADLIVANA BANANA SHAMPOO 200GM","","TAC","TAC",230.54,"200 GM",available,34,18,pcs,1,MA
"KE ROSE BODY LTION 200 M","KE ROSE BODY LTION 200 M","KE ROSE BODY LOTION 200 ML","","TAC","TAC",230.54,"200 ML",available,9,18,pcs,1,MA
"KE SH ONION 200 ML","KE SH ONION 200 ML","KE ONION SHAMPOO 200 ML","","TAC","TAC",230.54,"200 ML",available,21,18,pcs,1,MA
"KE COND ONION 200M","KE COND ONION 200M","KE ONION CONDITIONER 200 ML","","TAC","TAC",230.54,"200 ML",available,33,18,pcs,1,MA
"KE COND COCONUT 200 ML","KE COND COCONUT 200 ML","KE COCONUT CONDITIONER 200 ML","","TAC","TAC",230.54,"200 ML",available,26,18,pcs,1,MA
"KE COND ALOE VERA 200 ML","KE COND ALOE VERA 200 ML","KE ALOE VERA CONDITIONER 200 ML","","TAC","TAC",230.54,"200 ML",available,39,18,pcs,1,MA
"TAC SH BHRINGABALI 250ML","TAC SH BHRINGABALI 250ML","TAC BHRINGABALI SHAMPOO 250ML","","TAC","TAC",230.54,"250 ML",available,51,18,pcs,1,MA
"TAC SUN KUMKUMADI 50GM","TAC SUN KUMKUMADI 50GM","TAC KUMKUMADI SUNSCREEN 50GM","","TAC","TAC",230.54,"50 GM",available,22,18,pcs,1,MA
"TAC KKANDI ALEVRAGL 200GM","TAC KKANDI ALEVRAGL 200GM","TAC KUMKUMANDI ALOEVERA GEL 200GM","","TAC","TAC",230.54,"200 GM",available,11,18,pcs,1,MA
"TAC BHRBALI HAIR OIL W/MB","TAC BHRBALI HAIR OIL W/MB","TAC BHRINGABALI HAIR OIL WITH MIGHTY BHRINGRAJ","","TAC","TAC",0,"PCS",outOfStock,0,18,pcs,1,MA
"TAC FW VIT C FOAMING 150","TAC FW VIT C FOAMING 150","TAC VIT C FOAMING FACE WASH 150 ML","","TAC","TAC",230.54,"150 ML",available,9,18,pcs,1,MA
"TAC FW UBTAN FOAM 150 ML","TAC FW UBTAN FOAM 150 ML","TAC UBTAN FOAMING FACE WASH 150 ML","","TAC","TAC",230.54,"150 ML",available,15,18,pcs,1,MA
"TAC HOIL MHI BHRIN 100ML","TAC HOIL MHI BHRIN 100ML","TAC METHI BHRINGRAJ HAIR OIL 100ML","","TAC","TAC",230.54,"100 ML",available,6,18,pcs,1,MA
"TAC SH MHI BHRIN 250ML","TAC SH MHI BHRIN 250ML","TAC METHI BHRINGRAJ HAIR SHAMPOO 250ML","","TAC","TAC",230.54,"250 ML",available,24,18,pcs,1,MA
"KE SH ALOEVERA NEEM 200GM","KE SH ALOEVERA NEEM 200GM","KE ALOEVERA NEEM SHAMPOO 200GM","","TAC","TAC",230.54,"200 GM",available,23,18,pcs,1,MA
"KE SH TENDERNARIKELA 200G","KE SH TENDERNARIKELA 200G","KE TENDERNARIKELA COCONUT SHAMPOO 200GM","","TAC","TAC",230.54,"200 GM",available,30,18,pcs,1,MA
"TAC MIST OUD & GREEN 150M","TAC MIST OUD & GREEN 150M","TAC OUD & GREEN TEA BODY MIST 150ML","","TAC","TAC",230.54,"150 ML",available,12,18,pcs,1,MA
"TAC MIST NARGIS BODY 150M","TAC MIST NARGIS BODY 150M","TAC NARGIS BODY MIST 150ML","","TAC","TAC",230.54,"150 ML",available,3,18,pcs,1,MA
"TAC ROSE BODY LOTION 250M","TAC ROSE BODY LOTION 250M","TAC ROSE BODY LOTION 250ML","","TAC","TAC",0,"250 ML",outOfStock,0,18,pcs,1,MA
"KE SER RETINOL + VIT C","KE SER RETINOL + VIT C","KE RETINOL + VIT C FACE SERUM 30ML","","TAC","TAC",288.32,"30 ML",available,20,18,pcs,1,MA
"KE SER 10% NIACINAMIDE","KE SER 10% NIACINAMIDE","KE 10% NIACINAMIDE FACE SERUM","","TAC","TAC",288.32,"30 ML",available,23,18,pcs,1,MA
"KE SER 2%HA+10% VIT C 30M","KE SER 2%HA+10% VIT C 30M","KE 2% HA+ 10% VIT C FACE SERUM 30ML","","TAC","TAC",288.32,"30 ML",available,26,18,pcs,1,MA
"TAC SUN ELADI SPF50 50GM","TAC SUN ELADI SPF50 50GM","TAC ELADI SUNCREEN SPF50 50GM","","TAC","TAC",0,"50 GM",outOfStock,0,18,pcs,1,MA
"TAC NALPA BD GLOIL 100ML","TAC NALPA BD GLOIL 100ML","TAC NALPAMRADI BODY GLOW OIL 100ML","","TAC","TAC",288.32,"100 ML",available,8,18,pcs,1,MA
"TAC KKADI DAY CREAM 50 GM","TAC KKADI DAY CREAM 50 GM","TAC KUMKUMADI DAY CREAM 50 GM","","TAC","TAC",317.21,"50 GM",available,15,18,pcs,1,MA
"TAC SER VITAMIN C HA 30ML","TAC SER VITAMIN C HA 30ML","TAC VITAMIN C HA SERUM 30ML","","TAC","TAC",0,"30 ML",outOfStock,0,18,pcs,1,MA
"TAC UNDER EYE CREAM 30ML","TAC UNDER EYE CREAM 30ML","TAC UNDER EYE CREAM 30ML","","TAC","TAC",317.21,"30 ML",available,15,18,pcs,1,MA
"TAC NALPAMARADI DAY CREA","TAC NALPAMARADI DAY CREA","TAC NALPAMARADI DAY CREAM","","TAC","TAC",317.21,"PCS",available,18,18,pcs,1,MA
"TAC SER FRM&REP","TAC SER FRM&REP","TAC FIRM & REPAIR FACE SERUM","","TAC","TAC",364.65,"PCS",available,15,12,pcs,1,MA
"TAC SER GLOW BOOSTER FACE","TAC SER GLOW BOOSTER FACE","TAC GLOW BOOSTER FACE SERUM","","TAC","TAC",364.65,"PCS",available,12,12,pcs,1,MA
"TAC SER ACNE&OIL ELADI","TAC SER ACNE&OIL ELADI","TAC ACNE & OIL CONTROL FACE SERUM (ELADI & NEEM)","","TAC","TAC",364.65,"PCS",available,21,12,pcs,1,MA
"TAC SER HYDRATION QUENCH","TAC SER HYDRATION QUENCH","TAC HYDRATION QUENCH FACE SERUM","","TAC","TAC",364.65,"PCS",available,15,12,pcs,1,MA
"TAC SER ANTI-PIGMENTATION","TAC SER ANTI-PIGMENTATION","TAC ANTI-PIGMENTATION FACE SERUM","","TAC","TAC",364.65,"PCS",available,20,12,pcs,1,MA
"KE HMASK FENU BRIN200GM","KE HMASK FENU BRIN200GM","KE FENUGREEK HAIR MASK WITH BHRINGRAJ 200GM","","TAC","TAC",346.1,"200 GM",available,6,18,pcs,1,MA
"TAC NALPA NIGHT CREAM 50G","TAC NALPA NIGHT CREAM 50G","TAC NALPAMARADI NIGHT CREAM 50GM","","TAC","TAC",346.1,"50 GM",available,10,18,pcs,1,MA
"TAC KKADIFACE OIL 20ML","TAC KKADIFACE OIL 20ML","TAC KUMKUMADI FACE OIL 20ML","","TAC","TAC",403.89,"20 ML",available,12,18,pcs,1,MA
"TAC INTENSE HYD LOT 500ML","TAC INTENSE HYD LOT 500ML","TAC INTENSE HYDRATION LOTION 500ML","","TAC","TAC",245.57,"500 ML",available,4,18,pcs,1,MA
"TAC NGLOW BODY MILK 100ML","TAC NGLOW BODY MILK 100ML","TAC NOURISHING GLOW BODY MILK 100ML","","TAC","TAC",72.23,"100ML",available,81,18,pcs,1,MA
"TAC VITAMIN C LOTION 500M","TAC VITAMIN C LOTION 500M","TAC VITAMIN C BRIGHTENING LOTION 500ML","","TAC","TAC",245.57,"500 ML",available,36,18,pcs,1,MA
"TAC NGLOW BODY MILK 500ML","TAC NGLOW BODY MILK 500ML","TAC NOURISHING GLOW BODY MILK 500ML","","TAC","TAC",0,"500 ML",outOfStock,0,18,pcs,1,MA
"TAC VITAMIN C LOTION 250M","TAC VITAMIN C LOTION 250M","TAC VITAMIN C BRIGHTENING LOTION 250ML","","TAC","TAC",0,"250 ML",outOfStock,0,18,pcs,1,MA
"TAC VITAMIN C LOTION 100M","TAC VITAMIN C LOTION 100M","TAC VITAMIN C BRIGHTENING LOTION 100ML","","TAC","TAC",72.23,"100 ML",available,81,18,pcs,1,MA
"TAC KKADI GOLD FC KIT PK4","TAC KKADI GOLD FC KIT PK4","TAC KKADI GOLD FC KIT PK4","","TAC","TAC",574.92,"PACKOF4",available,18,18,pcs,1,MA
"TAC KKADI GOLD FC KIT SIN","TAC KKADI GOLD FC KIT SIN","TAC KKADI GOLD FC KIT SIN","","TAC","TAC",172.77,"PCS",available,24,18,pcs,1,MA
"EXPIRY","EXPIRY","EXPIRY","","NIVEA","NIVEA",371.23,"PCS",outOfStock,0,18,pcs,1,MA
"TAC KKADI DAY CREAM SPF20","TAC KKADI DAY CREAM SPF20","TAC KUMKUMADI DAY CREAM SPF 20","","TAC","TAC",60.27,"50 GM",available,72,12,pcs,1,MA
"TAC ANTI ACNE DAY CREAM","TAC ANTI ACNE DAY CREAM","TAC ANTI ACNE DAY CREAM 15G","","TAC","TAC",60.27,"15 GM",available,48,12,pcs,1,MA
"TAC TURMERIC SUNSCREENSPF","TAC TURMERIC SUNSCREENSPF","TAC TURMERIC SUNSCREEN SPF 25","","TAC","TAC",60.27,"SPF 25",available,41,12,pcs,1,MA
"TAC AYUR BRIGHTENING SERU","TAC AYUR BRIGHTENING SERU","TAC AYUR BRIGHTENING SERU","","TAC","TAC",90.71,"5G",available,58,12,pcs,1,MA
"TAC INTENSE HYD LOT 250ML","TAC INTENSE HYD LOT 250ML","TAC INTENSE HYD LOT 250ML","","TAC","TAC",0,"250 ML",outOfStock,0,18,pcs,1,MA
"TAC NGLOW BODY MILK 250ML","TAC NGLOW BODY MILK 250ML","TAC NGLOW BODY MILK 250ML","","TAC","TAC",0,"250 ML",outOfStock,0,18,pcs,1,MA
"TAC INTENSE HYD LOT 100ML","TAC INTENSE HYD LOT 100ML","TAC INTENSE HYD LOT 100ML","","TAC","TAC",72.23,"100 ML",available,24,18,pcs,1,MA
"KE SP ROSEWATER 100GM","KE SP ROSEWATER 100GM","KE SP ROSEWATER 100GM","","TAC","TAC",57.2,"100 GM",available,27,18,pcs,1,MA
"KE SP LEMON 100GM","KE SP LEMON 100GM","KE SP LEMON 100GM","","TAC","TAC",57.2,"100 GM",available,31,18,pcs,1,MA
"KE SP SANDALWOOD 100GM","KE SP SANDALWOOD 100GM","KE SP SANDALWOOD 100GM","","TAC","TAC",57.2,"100 GM",available,27,18,pcs,1,MA
"KE SHEMK VITAMIN C N","KE SHEMK VITAMIN C N","KE VITAMIN C SHEET MASK 20ML","","TAC","TAC",57.2,"PCS",available,43,18,pcs,1,MA
"KE SHEMK UBTAN N","KE SHEMK UBTAN N","KE SHEET MASK UBTAN 20ML","","TAC","TAC",57.2,"PCS",available,59,18,pcs,1,MA
"TAC ELADI SHMSK 22ML","TAC ELADI SHMSK 22ML","TAC ELADI SERUM SHEET MASK WITH NEEM 22ML","","TAC","TAC",72.23,"PCS",available,19,18,pcs,1,MA
"TAC KKMADI SHMSK 22ML SAF","TAC KKMADI SHMSK 22ML SAF","TAC KUMKUMADI SERUM SHEET MASK WITH SAFFRON 22ML","","TAC","TAC",72.23,"PCS",available,24,18,pcs,1,MA
"TAC NALPAMARADI SERUM SHE","TAC NALPAMARADI SERUM SHE","TAC NALPAMARADI SERUM SHEET MASK 22ML","","TAC","TAC",72.23,"PCS",available,24,18,pcs,1,MA
"TAC VITAMIN C SHEET MASK","TAC VITAMIN C SHEET MASK","TAC VITAMIN C SERUM SHEET MASK WITH LIQUORIE","","TAC","TAC",72.23,"PCS",available,24,18,pcs,1,MA
"TAC UBTAN SERUM SHEET MSK","TAC UBTAN SERUM SHEET MSK","TAC UBTAN SERUM SHEET MASK WITH HALDI 22ML","","TAC","TAC",72.23,"PCS",available,24,18,pcs,1,MA
"TAC SP ROSE AND MILK 100G","TAC SP ROSE AND MILK 100G","TAC ROSE AND MILK SOAP 100GM","","TAC","TAC",72.23,"PCS",available,24,18,pcs,1,MA
"TAC SP KKADI SOAP 100GM","TAC SP KKADI SOAP 100GM","TAC KUMKUMADI SOAP 100GM","","TAC","TAC",72.23,"PCS",available,1,18,pcs,1,MA
"TAC SP UBTAN 100GM","TAC SP UBTAN 100GM","TAC UBTAN SOAP 100GM","","TAC","TAC",72.23,"PCS",available,24,18,pcs,1,MA
"TAC SP ELADI AND NEEM 100","TAC SP ELADI AND NEEM 100","TAC ELADI AND NEEM 100GM","","TAC","TAC",72.23,"PCS",available,24,18,pcs,1,MA
"KE SHEMK POMEGRANATE N","KE SHEMK POMEGRANATE N","KE POMEGRANATE SHEET MASK 20ML","","TAC","TAC",86.09,"PCS",available,24,18,pcs,1,MA
"TAC KKADI LIP SERUM","TAC KKADI LIP SERUM","TAC KUMKUMADI LIP SERUM","","TAC","TAC",0,"100 GM",outOfStock,0,18,pcs,1,MA
"KE HOIL BARAHMASA 100ML","KE HOIL BARAHMASA 100ML","KE BARAHMASA HAIR OIL 100ML","","TAC","TAC",230.55,"100ML",available,12,18,pcs,1,MA
"KE HOIL NEEM 100ML","KE HOIL NEEM 100ML","KE HOIL NEEM 100ML","98504","TAC","TAC",230.55,"100ML",outOfStock,0,18,pcs,1,MA
"TAC KKADI ALOGEL 200GM","TAC KKADI ALOGEL 200GM","TAC KUMKUMADI ALOEVERA GEL 200GM","","TAC","TAC",230.54,"200 GM",available,6,18,pcs,1,MA
"TAC COND BHRINGALBALI 250","TAC COND BHRINGALBALI 250","TAC BHRINGABALI CONDITIONER 250ML","","TAC","TAC",230.54,"250 ML",available,9,18,pcs,1,MA
"KE SER 10%VITC SERUM 30ML","KE SER 10%VITC SERUM 30ML","TAC 10% VITAMIN C SERUM WITH GRAPEFRUIT 30ML","","TAC","TAC",288.32,"30 ML",available,11,18,pcs,1,MA
"TAC KKADI NIGHT GEL 50GM","TAC KKADI NIGHT GEL 50GM","TAC KUMKUMADI NIGHT GEL 50GM","","TAC","TAC",346.1,"PCS",available,12,18,pcs,1,MA
"KE ONION HAIR MASK 200GM","KE ONION HAIR MASK 200GM","KE ONION HAIR MASK 200GM","","TAC","TAC",346.1,"200 GM",available,5,18,pcs,1,MA
"TAC VITAMIN C LIP BALM","TAC VITAMIN C LIP BALM","TAC VITAMIN C LIP BALM","","TAC","TAC",0,"PCS",outOfStock,0,18,pcs,1,MA
"TAC VITAMIN C LOT 1+1 250","TAC VITAMIN C LOT 1+1 250","TAC VITAMIN C LOTION 250ML","","TAC","TAC",143.88,"250 ML",available,95,18,pcs,1,MA
"TAC DEO BLISS 1+1","TAC DEO BLISS 1+1","TAC DEO BLISS 150ML","","TAC","TAC",114.98,"PCS",available,59,18,pcs,1,MA
"TAC DEO HARMONY 1+1","TAC DEO HARMONY 1+1","TAC DEO HARMONY 150ML","","TAC","TAC",114.98,"PCS",available,40,18,pcs,1,MA
"TAC DEO LIMITLESS 1+1","TAC DEO LIMITLESS 1+1","TAC DEO LIMITLESS 150ML","","TAC","TAC",114.98,"PCS",available,63,18,pcs,1,MA
"TAC DEO PASSION 1+1","TAC DEO PASSION 1+1","TAC DEO PASSION 150ML","98505","TAC","TAC",114.98,"PCS",available,61,18,pcs,1,MA
"TAC DEO THRIVE 1+1","TAC DEO THRIVE 1+1","TAC DEO THRIVE 150ML","","TAC","TAC",114.98,"PCS",available,61,18,pcs,1,MA
"KE HOIL ONION 100ML","KE HOIL ONION 100ML","KE HOIL ONION 100ML","","TAC","TAC",172.77,"100ML",available,51,18,pcs,1,MA
"TAC BEETROOT LIP SCRUB 20","TAC BEETROOT LIP SCRUB 20","TAC BEETROOT LIP SCRUB 20","","TAC","TAC",201.66,"20GM",available,3,18,pcs,1,MA
"TAC SH ONION 250ML","TAC SH ONION 250ML","TAC SH ONION 250ML","","TAC","TAC",230.54,"250 ML",available,24,18,pcs,1,MA
"KE ROSE BODY LTION 1+1 20","KE ROSE BODY LTION 1+1 20","KE ROSE BODY LOTION 200ML","","TAC","TAC",230.54,"200 ML",available,18,18,pcs,1,MA
"TAC INTENSE HYD 1+1 500ML","TAC INTENSE HYD 1+1 500ML","TAC INTENSE HYDRATION LOTION 500ML","","TAC","TAC",245.57,"500 ML",available,120,18,pcs,1,MA
"TAC NGLOW BODY 1+1 500ML","TAC NGLOW BODY 1+1 500ML","TAC NOURISHING GLOW BODY MILK 500ML","","TAC","TAC",245.57,"500 ML",available,36,18,pcs,1,MA
"TAC VITAMIN C LOT 1+1 500","TAC VITAMIN C LOT 1+1 500","TAC VITAMIN C BODY LOTION 500ML","","TAC","TAC",245.57,"500 ML",available,48,18,pcs,1,MA
"TAC ROSE BODY LOT 1+1 250","TAC ROSE BODY LOT 1+1 250","TAC ROSE BODY LOTION 500ML","","TAC","TAC",259.43,"250 ML",available,12,18,pcs,1,MA
"BODY MILK 120 ML","BODY MILK 120 ML","BODY MILK 120 ML","","NIVEA","NIVEA",0,"120 ML",outOfStock,0,18,pcs,1,MA
"SOAP SOFT 125*4","SOAP SOFT 125*4","SOAP SOFT 125*4","80602","NIVEA","NIVEA",523.88,"500G",available,17,18,pcs,1,MA
"SOAP SOFT  75*4","SOAP SOFT  75*4","SOAP SOFT  75*4","98506","NIVEA","NIVEA",0,"300G",outOfStock,0,18,pcs,1,MA
"TAC SUN ELADI SPF50 1+1","TAC SUN ELADI SPF50 1+1","TAC ELADI SUNSCREEN SPF 50 50GM","","TAC","TAC",288.32,"50 GM",available,188,18,pcs,1,MA
"KE HMASK ONION 200GM","KE HMASK ONION 200GM","KE HAIR MASK ONION 200GM","","TAC","TAC",346.1,"200 GM",available,3,18,pcs,1,MA
"KE ROSE WATER 100ML 1+1","KE ROSE WATER 100ML 1+1","KE ROSEWATER 100ML","","TAC","TAC",172.76,"100 ML",available,89,18,pcs,1,MA
"KE HOIL ONION 100ML 1+1","KE HOIL ONION 100ML 1+1","KE ONION OIL 100ML","","TAC","TAC",172.77,"100ML",available,32,18,pcs,1,MA
"KE SH ONION 200 ML 1+1","KE SH ONION 200 ML 1+1","KE SHAMPOO ONION 200ML","","TAC","TAC",338.14,"200 ML",available,5,18,pcs,1,MA
"KE SHEMK POMEGRANATE N1+1","KE SHEMK POMEGRANATE N1+1","KE SHEET MASK POMEGRANTE 20ML","","TAC","TAC",57.2,"PCS",available,104,18,pcs,1,MA
"KE SHEMK UBTAN N 1+1","KE SHEMK UBTAN N 1+1","KE SHEET MASK UBTAN 20ML","","TAC","TAC",57.2,"PCS",available,64,18,pcs,1,MA
"KE COND COCONUT 200 ML1+1","KE COND COCONUT 200 ML1+1","KE CONFITIONER COCONUT 200ML","","TAC","TAC",230.54,"200 ML",available,34,18,pcs,1,MA
"KE COND ALOE VERA 200 1+1","KE COND ALOE VERA 200 1+1","KE CONDITIONER ALOEVERA 200ML","","TAC","TAC",230.54,"200 ML",available,53,18,pcs,1,MA
"KE FW VITAMIN C 1+1","KE FW VITAMIN C 1+1","KE FW VITAMIN C","","TAC","TAC",143.87,"PCS",available,27,18,pcs,1,MA
"TAC KKADIFACE OIL 20ML1+1","TAC KKADIFACE OIL 20ML1+1","TAC KUMKUMADI FACE OIL 20ML","","TAC","TAC",403.89,"20 ML",available,40,18,pcs,1,MA
"TAC FW KUMKUMADI 100GM1+1","TAC FW KUMKUMADI 100GM1+1","TAC FW KUMKUMADI 100GM","","TAC","TAC",172.76,"100 GM",available,96,18,pcs,1,MA
"TAC KKADI DAY CREAM 1+1","TAC KKADI DAY CREAM 1+1","TAC KUMKUMADI DAY CREAM 50GM","","TAC","TAC",317.21,"50 GM",available,96,18,pcs,1,MA
"TAC KKADI NIGHT GEL 1+1","TAC KKADI NIGHT GEL 1+1","TAC KUMKUMADI NIGHT GEL 50GM","","TAC","TAC",346.1,"PCS",available,96,18,pcs,1,MA
"TAC SH MHI BHRIN 250ML1+1","TAC SH MHI BHRIN 250ML1+1","TAC SH METHI BHRINGRAJ 250ML","","TAC","TAC",230.54,"250 ML",available,48,18,pcs,1,MA
"TAC NALPAMARADI DAY CR1+1","TAC NALPAMARADI DAY CR1+1","TAC NALPAMARADI DAY CREAM 50GM","","TAC","TAC",317.21,"PCS",available,48,18,pcs,1,MA
"TAC KKUMADI FACE MO50M1+1","TAC KKUMADI FACE MO50M1+1","TAC KUMKUMADI FACE MOIS 50ML","","TAC","TAC",201.65,"50 ML",available,46,18,pcs,1,MA
"TAC FW KUMKUMADI 50ML1+1","TAC FW KUMKUMADI 50ML1+1","TAC FW KUMKUMADI 50ML","","TAC","TAC",114.98,"50 ML",available,44,18,pcs,1,MA
"TAC KAJAL BLACK1+1","TAC KAJAL BLACK1+1","TAC KAJAL BLACK","","TAC","TAC",114.98,"PCS",available,42,18,pcs,1,MA
"TAC KKADI G FC KIT SIN1+1","TAC KKADI G FC KIT SIN1+1","TAC KUMKUMADI FACIAL KIT SINGLE PC","","TAC","TAC",172.77,"PCS",available,92,18,pcs,1,MA
"BODY MILK NBL 600 ML","BODY MILK NBL 600 ML","BODY MILK NBL 600 ML","98507","NIVEA","NIVEA",542.97,"600 ML",available,1,18,pcs,1,MA
"LIP COLOR RED","LIP COLOR RED","LIP COLOR RED","88058","NIVEA","NIVEA",220.34,"4.8G",available,58,18,pcs,1,MA
"LIP COLOR PINK","LIP COLOR PINK","LIP COLOR PINK","88060","NIVEA","NIVEA",220.34,"4.8G",available,63,18,pcs,1,MA
"LIP COLOR ROSE","LIP COLOR ROSE","LIP COLOR ROSE","93408","NIVEA","NIVEA",220.34,"4.8G",available,72,18,pcs,1,MA
"SOFT 50 ML HANGER","SOFT 50 ML HANGER","SOFT 50 ML HANGER","","NIVEA","NIVEA",620.97,"6PC PACK",outOfStock,0,18,pcs,1,MA
"BODY MILK 75ML HANGER NBL","BODY MILK 75ML HANGER NBL","BODY MILK 75ML HANGER NBL","","NIVEA","NIVEA",382.48,"PACKOF6",outOfStock,0,18,pcs,1,MA
"LU OIL CNTRL SERUM 40ML","LU OIL CNTRL SERUM 40ML","LUMINOUS SERUM 40ML","94105","NIVEA","NIVEA",449.23,"40ML",available,23,18,pcs,1,MA
"LU FACE WASH 100ML","LU FACE WASH 100ML","LUMINOUS FW 100ML","94186","NIVEA","NIVEA",187.49,"100ML",available,6,18,pcs,1,MA
"LU FACE WASH  50ML","LU FACE WASH  50ML","LUMINOUS FACE WASH 50ML","94187","NIVEA","NIVEA",112.49,"50ML",available,325,18,pcs,1,MA
"LU DAY CREAM 40ML","LU DAY CREAM 40ML","LUMINOUS DAY CREAM 40ML","94238","NIVEA","NIVEA",336.73,"40ML",available,3,18,pcs,1,MA
"LU NIGHT CREAM 40ML","LU NIGHT CREAM 40ML","LUMINOUS NIGHT CREAM","94247","NIVEA","NIVEA",374.23,"40ML",available,7,18,pcs,1,MA
"LU DAY CREAM 10ML","LU DAY CREAM 10ML","LUMINOUS DAY CREAM 10ML","97131","NIVEA","NIVEA",74.25,"10ML",available,175,18,pcs,1,MA
"LU OIL CNTRL SERUM 10ML","LU OIL CNTRL SERUM 10ML","LUMINOUS SERUM 10ML","98714","NIVEA","NIVEA",134.24,"10ML",available,215,18,pcs,1,MA
"ALOE NBL 600 ML","ALOE NBL 600 ML","ALOE NBL 600 ML","83390","NIVEA","NIVEA",599.22,"600 ML",outOfStock,0,18,pcs,1,MA
"SOFT UV  50 ML","SOFT UV  50 ML","SOFT UV  50 ML","85887","NIVEA","NIVEA",123.74,"50 ML",available,6,18,pcs,1,MA
"SOFT UV 100 ML","SOFT UV 100 ML","SOFT UV 100 ML","85891","NIVEA","NIVEA",243.74,"100 ML",available,57,18,pcs,1,MA
"SOFT UV  50 ML HANGER","SOFT UV  50 ML HANGER","SOFT UV  50 ML HANGER","","NIVEA","NIVEA",371.25,"3PC PACK",available,24,18,pcs,1,MA
"BY CHOCOS 1+1","BY CHOCOS 1+1","BY CHOCOS 1+1","","OTHER","OTHER",408.67,"PCS",outOfStock,0,5,pcs,1,MA
"BY CORNFLAKES 1+1","BY CORNFLAKES 1+1","BY CORNFLAKES 1+1","","OTHER","OTHER",272.26,"PCS",outOfStock,0,5,pcs,1,MA
"BY CORNFLAKES 500GM","BY CORNFLAKES 500GM","BY CORNFLAKES 500GM","","OTHER","OTHER",109.32,"PCS",outOfStock,0,5,pcs,1,MA
"BY MUESLI CRUNCHY 1KG JAR","BY MUESLI CRUNCHY 1KG JAR","BY MUESLI CRUNCHY 1KG JAR","","OTHER","OTHER",545.76,"PCS",outOfStock,0,5,pcs,1,MA
"BY MUESLI NUTTY 1+1","BY MUESLI NUTTY 1+1","BY MUESLI NUTTY 1+1","","OTHER","OTHER",321.58,"PCS",outOfStock,0,5,pcs,1,MA
"ALOE NBL 75 ML HANGER","ALOE NBL 75 ML HANGER","ALOE NBL 75 ML HANGER","","NIVEA","NIVEA",445.5,"75 ML",outOfStock,0,18,pcs,1,MA
"GAR DOUBLE ACTION FW 50G","GAR DOUBLE ACTION FW 50G","GAR DOUBLE ACTION FW 50G","","OTHER","OTHER",117.8,"72PCS",outOfStock,0,18,pcs,1,MA
"12ML ROLL ON","12ML ROLL ON","12ML ROLL ON","","NIVEA","NIVEA",44.25,"12 ML",outOfStock,0,18,pcs,1,MA
"OLD SG APRICOT","OLD SG APRICOT","OLD SG APRICOT","","NIVEA","NIVEA",384.44,"300 ML",outOfStock,0,18,pcs,1,MA
"SD C AALU BUKHARA 200GM","SD C AALU BUKHARA 200GM","SD C AALU BUKHARA 200GM","","SHADANI","SHADANI",96.67,"200GM",outOfStock,0,5,pcs,1,MA
"SD C AAM PAK GOLI 200GM","SD C AAM PAK GOLI 200GM","SD C AAM PAK GOLI 200GM","","SHADANI","SHADANI",96.67,"200GM",outOfStock,0,5,pcs,1,MA
"SD C AJWAIN PACHAK 225GM","SD C AJWAIN PACHAK 225GM","SD C AJWAIN PACHAK 225GM","","SHADANI","SHADANI",103.33,"225GM",outOfStock,0,5,pcs,1,MA
"SD C ANARDANA GOLI 200GM","SD C ANARDANA GOLI 200GM","SD C ANARDANA GOLI 200GM","","SHADANI","SHADANI",96.67,"200GM",outOfStock,0,5,pcs,1,MA
"SD C CHATPATA AMLA 200GM","SD C CHATPATA AMLA 200GM","SD C CHATPATA AMLA 200GM","","SHADANI","SHADANI",103.33,"200GM",outOfStock,0,5,pcs,1,MA
"SD C CHATPATI CANDY 230GM","SD C CHATPATI CANDY 230GM","SD C CHATPATI CANDY 230GM","","SHADANI","SHADANI",90,"230GM",outOfStock,0,5,pcs,1,MA
"SD C CHATPATI IMLI 140GM","SD C CHATPATI IMLI 140GM","SD C CHATPATI IMLI 140GM","","SHADANI","SHADANI",96.67,"140GM",outOfStock,0,5,pcs,1,MA
"SD C CHENNAI SAUNF 200GM","SD C CHENNAI SAUNF 200GM","SD C CHENNAI SAUNF 200GM","","SHADANI","SHADANI",96.67,"200GM",outOfStock,0,5,pcs,1,MA
"SD C COCONUT PEDA 200GM","SD C COCONUT PEDA 200GM","SD C COCONUT PEDA 200GM","","SHADANI","SHADANI",96.67,"200GM",outOfStock,0,5,pcs,1,MA
"SD C FRUIT BALL'S 260GM","SD C FRUIT BALL'S 260GM","SD C FRUIT BALL'S 260GM","","SHADANI","SHADANI",96.67,"260GM",outOfStock,0,5,pcs,1,MA
"SD C FRUIT JELLY 200GM","SD C FRUIT JELLY 200GM","SD C FRUIT JELLY 200GM","","SHADANI","SHADANI",96.67,"200GM",outOfStock,0,5,pcs,1,MA
"SD C HAZHAZ SPL 225GM","SD C HAZHAZ SPL 225GM","SD C HAZAM HAZAM SPECIAL 22GM","","SHADANI","SHADANI",96.67,"225GM",outOfStock,0,5,pcs,1,MA
"SD C HING PEDA 200GM","SD C HING PEDA 200GM","SD C HING PEDA 200GM","","SHADANI","SHADANI",96.67,"200GM",outOfStock,0,5,pcs,1,MA
"SD C IMLI BITE 160 GM","SD C IMLI BITE 160 GM","SD C IMLI BITE 160 GM","","SHADANI","SHADANI",110,"160GM",outOfStock,0,5,pcs,1,MA
"SD C JEERA GOLI 230GM","SD C JEERA GOLI 230GM","SD C JEERA GOLI 230GM","","SHADANI","SHADANI",96.67,"230GM",outOfStock,0,5,pcs,1,MA
"SD C KHAMEE AAMPAK 200GM","SD C KHAMEE AAMPAK 200GM","SD C KHATA MEETHA AAMPAK 200GM","","SHADANI","SHADANI",103.33,"200GM",outOfStock,0,5,pcs,1,MA
"SD C MADHUR IMLI 200GM","SD C MADHUR IMLI 200GM","SD C MADHUR IMLI 200GM","","SHADANI","SHADANI",96.67,"200GM",outOfStock,0,5,pcs,1,MA
"SD C MADRASI SAUNF 200GM","SD C MADRASI SAUNF 200GM","SD C MADRASI SAUNF 200GM","","SHADANI","SHADANI",96.67,"200GM",outOfStock,0,5,pcs,1,MA
"SD C MANGO BITE 160G","SD C MANGO BITE 160G","SD C MANGO BITE 160G","","SHADANI","SHADANI",110,"160GM",outOfStock,0,5,pcs,1,MA
"SD C MANGO SLICE 200GM","SD C MANGO SLICE 200GM","SD C MANGO SLICE 200GM","","SHADANI","SHADANI",103.33,"200GM",outOfStock,0,5,pcs,1,MA
"SD C MIXFRUIT CANDY 230GM","SD C MIXFRUIT CANDY 230GM","SD C MIX FRUIT CANDY 230GM","","SHADANI","SHADANI",90,"230GM",outOfStock,0,5,pcs,1,MA
"SD C ORANGE CANDY 230GM","SD C ORANGE CANDY 230GM","SD C ORANGE CANDY 230GM","","SHADANI","SHADANI",90,"230GM",outOfStock,0,5,pcs,1,MA
"SD C PAAN MIX SAUNF 200GM","SD C PAAN MIX SAUNF 200GM","SD C PAAN MIX SAUNF 200GM","","SHADANI","SHADANI",96.67,"200GM",outOfStock,0,5,pcs,1,MA
"SD C PAAN CANDY 230GM","SD C PAAN CANDY 230GM","SD C PAAN CANDY 230GM","","SHADANI","SHADANI",90,"230GM",outOfStock,0,5,pcs,1,MA
"SD C PLAIN MIXSAUNF 215GM","SD C PLAIN MIXSAUNF 215GM","SD C PLAIN MIXSAUNF 215GM","","SHADANI","SHADANI",96.67,"215GM",outOfStock,0,5,pcs,1,MA
"SD C PODINA LADDU 200GM","SD C PODINA LADDU 200GM","SD C PODINA LADDU 200GM","","SHADANI","SHADANI",96.67,"200GM",outOfStock,0,5,pcs,1,MA
"SD C RAM LADOO 200GM","SD C RAM LADOO 200GM","SD C RAM LADOO 200GM","","SHADANI","SHADANI",96.67,"200GM",outOfStock,0,5,pcs,1,MA
"SD C SHAHI MIXSAUNF 170GM","SD C SHAHI MIXSAUNF 170GM","SD C SHAHI MIXSAUNF 170GM","","SHADANI","SHADANI",103.33,"170GM",outOfStock,0,5,pcs,1,MA
"SD C SUGCOA SAUNF 270GM","SD C SUGCOA SAUNF 270GM","SD C SUGAR COATED SAUNF 270GM","","SHADANI","SHADANI",96.67,"270GM",outOfStock,0,5,pcs,1,MA
"SD C SWEET AMLA 200GM","SD C SWEET AMLA 200GM","SD C SWEET AMLA 200GM","","SHADANI","SHADANI",103.33,"200GM",outOfStock,0,5,pcs,1,MA
"SD C SWEET IMLI 140GM","SD C SWEET IMLI 140GM","SD C SWEET IMLI 140GM","","SHADANI","SHADANI",96.67,"140GM",outOfStock,0,5,pcs,1,MA
"SD BOX KHATTA AAMPAPAD","SD BOX KHATTA AAMPAPAD","SD BOX KHATTA AAMPAPAD","","SHADANI","SHADANI",428.57,"20 UNIT",outOfStock,0,5,pcs,1,MA
"SD BOX MEETHA AAMPAPAD","SD BOX MEETHA AAMPAPAD","SD BOX MEETHA AAMPAPAD","","SHADANI","SHADANI",428.57,"20 UNIT",outOfStock,0,5,pcs,1,MA
"SD P ANARDANA GOLI 100GM","SD P ANARDANA GOLI 100GM","SD P ANARDANA GOLI 100GM","","SHADANI","SHADANI",386.67,"100GM",outOfStock,0,5,pcs,1,MA
"SD P CHATPATI CANDY 100GM","SD P CHATPATI CANDY 100GM","SD P CHATPATI CANDY 100GM","","SHADANI","SHADANI",320,"100GM",outOfStock,0,5,pcs,1,MA
"SD P HING PEDA 100GM","SD P HING PEDA 100GM","SD P HING PEDA 100GM","","SHADANI","SHADANI",413.33,"100GM",outOfStock,0,5,pcs,1,MA
"SD P IMLI BITE 100GM","SD P IMLI BITE 100GM","SD P IMLI BITE 100GM","","SHADANI","SHADANI",566.67,"100GM",outOfStock,0,5,pcs,1,MA
"SD P JELLY JELLY 100GM","SD P JELLY JELLY 100GM","SD P JELLY JELLY 100GM","","SHADANI","SHADANI",453.33,"100GM",outOfStock,0,5,pcs,1,MA
"SD P KHAMEE AAMPAK 100GM","SD P KHAMEE AAMPAK 100GM","SD P KHATA MEETHA AAMPAK 100GM","","SHADANI","SHADANI",453.33,"100GM",outOfStock,0,5,pcs,1,MA
"SD P MADHUR IMLI 100GM","SD P MADHUR IMLI 100GM","SD P MADHUR IMLI 100GM","","SHADANI","SHADANI",386.67,"100GM",outOfStock,0,5,pcs,1,MA
"SD P MIXFRUIT CANDY 100GM","SD P MIXFRUIT CANDY 100GM","SD P MIXFRUIT CANDY 100GM","","SHADANI","SHADANI",320,"100GM",outOfStock,0,5,pcs,1,MA
"SD P ORANGE CANDY 100GM","SD P ORANGE CANDY 100GM","SD P ORANGE CANDY 100GM","","SHADANI","SHADANI",320,"100GM",outOfStock,0,5,pcs,1,MA
"SD P PAAN CANDY 100GM","SD P PAAN CANDY 100GM","SD P PAAN CANDY 100GM","","SHADANI","SHADANI",320,"100GM",outOfStock,0,5,pcs,1,MA
"SD P PAANMIX SAUNF 100GM","SD P PAANMIX SAUNF 100GM","SD P PAANMIX SAUNF 100GM","","SHADANI","SHADANI",453.33,"100GM",outOfStock,0,5,pcs,1,MA
"SD P PLAIN MIXSAUNF 100GM","SD P PLAIN MIXSAUNF 100GM","SD P PLAIN MIXSAUNF 100GM","","SHADANI","SHADANI",413.33,"100GM",outOfStock,0,5,pcs,1,MA
"SD P SHAHI MIXSAUNF 100GM","SD P SHAHI MIXSAUNF 100GM","SD P SHAHI MIXSAUNF 100GM","","SHADANI","SHADANI",453.33,"100GM",outOfStock,0,5,pcs,1,MA
"SD P SWEET IMLI 70GM","SD P SWEET IMLI 70GM","SD P SWEET IMLI 70GM","","SHADANI","SHADANI",366.67,"70GM",outOfStock,0,5,pcs,1,MA
"SD P SWEET AMLA 100GM","SD P SWEET AMLA 100GM","SD P SWEET AMLA 100GM","","SHADANI","SHADANI",453.33,"100GM",outOfStock,0,5,pcs,1,MA
"SD P MANGO BITE 100GM","SD P MANGO BITE 100GM","SD P SWEET MANGO BITE 100GM","","SHADANI","SHADANI",566.67,"100GM",outOfStock,0,5,pcs,1,MA
"SD JELLY POP ASSORTED","SD JELLY POP ASSORTED","SD JELLY POP ASSORTED","","SHADANI","SHADANI",1280,"PCS",outOfStock,0,5,pcs,1,MA
"OI PINK ROCK SALT 1KG","OI PINK ROCK SALT 1KG","OI PINK ROCK SALT 1KG","8309","ORGANIC INDIA","ORGANIC INDIA",120,"1KG",outOfStock,0,0,pcs,1,MA
"OI MUSTARD OIL 1000ML","OI MUSTARD OIL 1000ML","OI MUSTARD OIL 1000ML","8311","ORGANIC INDIA","ORGANIC INDIA",388.57,"1L",outOfStock,0,5,pcs,1,MA
"OI SUNFLOWER 1000ML","OI SUNFLOWER 1000ML","OI SUNFLOWER 1000ML","8312","ORGANIC INDIA","ORGANIC INDIA",437.14,"1L",outOfStock,0,5,pcs,1,MA
"OI GROUNDNUT OIL 1000ML","OI GROUNDNUT OIL 1000ML","OI GROUNDNUT OIL 1000ML","8313","ORGANIC INDIA","ORGANIC INDIA",445.22,"1L",outOfStock,0,5,pcs,1,MA
"OI ASHWAGANDHA  60CAP","OI ASHWAGANDHA  60CAP","OI ASHWAGANDHA  60CAP","8316","ORGANIC INDIA","ORGANIC INDIA",198.1,"PCS",outOfStock,0,5,pcs,1,MA
"OI BEAUTIFUL SKIN 60CAP","OI BEAUTIFUL SKIN 60CAP","OI BEAUTIFUL SKIN 60CAP","8318","ORGANIC INDIA","ORGANIC INDIA",205.71,"PCS",outOfStock,0,5,pcs,1,MA
"OI BOWELCARE 60CAP","OI BOWELCARE 60CAP","OI BOWELCARE 60CAP","8319","ORGANIC INDIA","ORGANIC INDIA",205.71,"PCS",outOfStock,0,5,pcs,1,MA
"OI BREATHFREE 60CAP","OI BREATHFREE 60CAP","OI BREATHFREE 60CAP","8320","ORGANIC INDIA","ORGANIC INDIA",217.14,"PCS",outOfStock,0,5,pcs,1,MA
"OI BRAHMI 60CAP","OI BRAHMI 60CAP","OI BRAHMI 60CAP","8321","ORGANIC INDIA","ORGANIC INDIA",198.1,"PCS",outOfStock,0,5,pcs,1,MA
"OI CINNAMON 60CAP","OI CINNAMON 60CAP","OI CINNAMON 60CAP","8322","ORGANIC INDIA","ORGANIC INDIA",190.48,"PCS",outOfStock,0,5,pcs,1,MA
"OI FLAXSEED OIL 60CAP","OI FLAXSEED OIL 60CAP","OI FLAXSEED OIL 60CAP","8323","ORGANIC INDIA","ORGANIC INDIA",377.14,"PCS",outOfStock,0,5,pcs,1,MA
"OI FLEXIBLITY 60CAP","OI FLEXIBLITY 60CAP","OI FLEXIBLITY 60CAP","8324","ORGANIC INDIA","ORGANIC INDIA",217.14,"PCS",outOfStock,0,5,pcs,1,MA
"OI IMMUNITY 60CAP","OI IMMUNITY 60CAP","OI IMMUNITY 60CAP","8325","ORGANIC INDIA","ORGANIC INDIA",217.14,"PCS",outOfStock,0,5,pcs,1,MA
"OI MORINGA 60CAP","OI MORINGA 60CAP","OI MORINGA 60CAP","8327","ORGANIC INDIA","ORGANIC INDIA",198.1,"PCS",outOfStock,0,5,pcs,1,MA
"OI NEEM 60CAP","OI NEEM 60CAP","OI NEEM 60CAP","8328","ORGANIC INDIA","ORGANIC INDIA",198.1,"PCS",outOfStock,0,5,pcs,1,MA
"OI OSTEISEAL 60CAP","OI OSTEISEAL 60CAP","OI OSTEISEAL 60CAP","8329","ORGANIC INDIA","ORGANIC INDIA",190.48,"PCS",outOfStock,0,5,pcs,1,MA
"OI PROSTATE CARE 60CAP","OI PROSTATE CARE 60CAP","OI PROSTATE CARE 60CAP","8330","ORGANIC INDIA","ORGANIC INDIA",190.48,"PCS",outOfStock,0,5,pcs,1,MA
"OI LIVER KIDNERY 60CAP","OI LIVER KIDNERY 60CAP","OI LIVER KIDNERY 60CAP","8331","ORGANIC INDIA","ORGANIC INDIA",205.71,"PCS",outOfStock,0,5,pcs,1,MA
"OI TURMERIC 60CAP","OI TURMERIC 60CAP","OI TURMERIC 60CAP","8332","ORGANIC INDIA","ORGANIC INDIA",247.62,"PCS",outOfStock,0,5,pcs,1,MA
"OI TRIPHALA 60CAP","OI TRIPHALA 60CAP","OI TRIPHALA 60CAP","8333","ORGANIC INDIA","ORGANIC INDIA",203.43,"PCS",outOfStock,0,5,pcs,1,MA
"OI WT BALANCE 60CAP","OI WT BALANCE 60CAP","OI WT BALANCE 60CAP","8336","ORGANIC INDIA","ORGANIC INDIA",217.14,"PCS",outOfStock,0,5,pcs,1,MA
"OI WOMEN'S WELLBEING 60CA","OI WOMEN'S WELLBEING 60CA","OI WOMEN'S WELLBEING 60CA","8337","ORGANIC INDIA","ORGANIC INDIA",217.14,"PCS",outOfStock,0,5,pcs,1,MA
"OI SPIRULINA 120TAB","OI SPIRULINA 120TAB","OI SPIRULINA 120TAB","8341","ORGANIC INDIA","ORGANIC INDIA",339.05,"PCS",outOfStock,0,5,pcs,1,MA
"OI DESI KHANDSARI-SUGAR 5","OI DESI KHANDSARI-SUGAR 5","OI DESI KHANDSARI-SUGAR 5","","ORGANIC INDIA","ORGANIC INDIA",91.43,"500GM",outOfStock,0,5,pcs,1,MA
"OI GOKSHURA 60CAP","OI GOKSHURA 60CAP","OI GOKSHURA 60CAP","","ORGANIC INDIA","ORGANIC INDIA",205.71,"PCS",outOfStock,0,5,pcs,1,MA
"OI AMLA POWDER 200G","OI AMLA POWDER 200G","OI AMLA POWDER 200G","15152","ORGANIC INDIA","ORGANIC INDIA",227.81,"PCS",outOfStock,0,5,pcs,1,MA
"OI SHATAVARI 60CAP","OI SHATAVARI 60CAP","OI SHATAVARI 60CAP","8334","ORGANIC INDIA","ORGANIC INDIA",198.1,"PCS",outOfStock,0,5,pcs,1,MA
"OI SUGAR BALANCE 60CAP","OI SUGAR BALANCE 60CAP","OI SUGAR BALANCE 60CAP","8335","ORGANIC INDIA","ORGANIC INDIA",217.14,"PCS",outOfStock,0,5,pcs,1,MA
"OI OH BOY 30CAP","OI OH BOY 30CAP","OI OH BOY 30CAP","8340","ORGANIC INDIA","ORGANIC INDIA",456.38,"PCS",outOfStock,0,5,pcs,1,MA
"OI T HONEY LEMON 25TB","OI T HONEY LEMON 25TB","OI T HONEY LEMON 25TB","8276","ORGANIC INDIA","ORGANIC INDIA",194.29,"PCS",outOfStock,0,5,pcs,1,MA
"OI T GINGER TURMEIC 25S","OI T GINGER TURMEIC 25S","OI T GINGER TURMEIC 25S","8270","ORGANIC INDIA","ORGANIC INDIA",198.33,"PCS",outOfStock,0,5,pcs,1,MA
"OI T MASALA CHAI 25S TB","OI T MASALA CHAI 25S TB","OI T MASALA CHAI 25S TB","","ORGANIC INDIA","ORGANIC INDIA",194.29,"PCS",outOfStock,0,5,pcs,1,MA
"OI T TEA JASMINE 25S TB","OI T TEA JASMINE 25S TB","OI T TEA JASMINE 25S TB","","ORGANIC INDIA","ORGANIC INDIA",194.29,"PCS",outOfStock,0,5,pcs,1,MA
"OI T LEMON GINGER 25S TB","OI T LEMON GINGER 25S TB","OI T LEMON GINGER 25S TB","8261","ORGANIC INDIA","ORGANIC INDIA",194.29,"PCS",outOfStock,0,5,pcs,1,MA
"OI T POMEGRANATE 25S TB","OI T POMEGRANATE 25S TB","OI T POMEGRANATE 25S TB","8262","ORGANIC INDIA","ORGANIC INDIA",194.29,"PCS",outOfStock,0,5,pcs,1,MA
"OI T ASHWAGANDHA 25S TB","OI T ASHWAGANDHA 25S TB","OI T ASHWAGANDHA 25S TB","","ORGANIC INDIA","ORGANIC INDIA",194.29,"PCS",outOfStock,0,5,pcs,1,MA
"OI T ORIGINAL 25S TB","OI T ORIGINAL 25S TB","OI T ORIGINAL 25S TB","","ORGANIC INDIA","ORGANIC INDIA",210.48,"PCS",outOfStock,0,5,pcs,1,MA
"OI T GINGER 25S TB","OI T GINGER 25S TB","OI T GINGER 25S TB","8266","ORGANIC INDIA","ORGANIC INDIA",198.33,"PCS",outOfStock,0,5,pcs,1,MA
"OI T MULETHI 25S TB","OI T MULETHI 25S TB","OI T MULETHI 25S TB","","ORGANIC INDIA","ORGANIC INDIA",198.33,"PCS",outOfStock,0,5,pcs,1,MA
"OI T SWEET ROSE 25S","OI T SWEET ROSE 25S","OI T SWEET ROSE 25S","","ORGANIC INDIA","ORGANIC INDIA",210.48,"PCS",outOfStock,0,5,pcs,1,MA
"OI T HO-CHAMIMILE 25S TB","OI T HO-CHAMIMILE 25S TB","OI T HO-CHAMIMILE 25S TB","","ORGANIC INDIA","ORGANIC INDIA",198.33,"PCS",outOfStock,0,5,pcs,1,MA
"OI T GINER TUMERIC 25S T","OI T GINER TUMERIC 25S T","OI T GINER TUMERIC 25S T","","ORGANIC INDIA","ORGANIC INDIA",198.33,"PCS",outOfStock,0,5,pcs,1,MA
"OI T PEPPERMIN 25S TB","OI T PEPPERMIN 25S TB","OI T PEPPERMIN 25S TB","","ORGANIC INDIA","ORGANIC INDIA",210.48,"PCS",outOfStock,0,5,pcs,1,MA
"OI T MORINGA HIBISCUS 25S","OI T MORINGA HIBISCUS 25S","OI T MORINGA HIBISCUS 25S","","ORGANIC INDIA","ORGANIC INDIA",198.33,"PCS",outOfStock,0,5,pcs,1,MA
"OI T SIMPLY CHAMOMILE 25S","OI T SIMPLY CHAMOMILE 25S","OI T SIMPLY CHAMOMILE 25S","","ORGANIC INDIA","ORGANIC INDIA",198.33,"PCS",outOfStock,0,5,pcs,1,MA
"OI T ORIGINAL 100G TIN","OI T ORIGINAL 100G TIN","OI T ORIGINAL 100G TIN","8287","ORGANIC INDIA","ORGANIC INDIA",259.05,"PCS",outOfStock,0,5,pcs,1,MA
"OI T GINGER 100G TIN","OI T GINGER 100G TIN","OI T GINGER 100G TIN","8288","ORGANIC INDIA","ORGANIC INDIA",259.05,"PCS",outOfStock,0,5,pcs,1,MA
"OI T TEA CLASSIC 100G TI","OI T TEA CLASSIC 100G TI","OI T TEA CLASSIC 100G TI","","ORGANIC INDIA","ORGANIC INDIA",242.86,"PCS",outOfStock,0,5,pcs,1,MA
"OI T MASALA CHAI 100G TI","OI T MASALA CHAI 100G TI","OI T MASALA CHAI 100G TI","","ORGANIC INDIA","ORGANIC INDIA",214.52,"PCS",outOfStock,0,5,pcs,1,MA
"OI T KASHMIRI KAHWA 100G","OI T KASHMIRI KAHWA 100G","OI T KASHMIRI KAHWA 100G","","ORGANIC INDIA","ORGANIC INDIA",388.57,"PCS",outOfStock,0,5,pcs,1,MA
"OI T GINGER 100G ZIPPER","OI T GINGER 100G ZIPPER","OI T GINGER 100G ZIPPER","","ORGANIC INDIA","ORGANIC INDIA",255,"PC",outOfStock,0,5,pcs,1,MA
"OI QUINOA 500G","OI QUINOA 500G","OI QUINOA 500G","","ORGANIC INDIA","ORGANIC INDIA",224.76,"PCS",outOfStock,0,5,pcs,1,MA
"OI COCONUT OIL VIRGIN 500","OI COCONUT OIL VIRGIN 500","OI COCONUT OIL VIRGIN 500","","ORGANIC INDIA","ORGANIC INDIA",608.76,"500ML",outOfStock,0,5,pcs,1,MA
"OI GHEE 500ML","OI GHEE 500ML","OI GHEE 500ML","","ORGANIC INDIA","ORGANIC INDIA",646.86,"500ML",outOfStock,0,5,pcs,1,MA
"OI HONEY-MULTI FLORA 250G","OI HONEY-MULTI FLORA 250G","OI HONEY-MULTI FLORA 250G","8298","ORGANIC INDIA","ORGANIC INDIA",179.04,"PCS",outOfStock,0,5,pcs,1,MA
"OI MORINGA POWDER 100G","OI MORINGA POWDER 100G","OI MORINGA POWDER 100G","8300","ORGANIC INDIA","ORGANIC INDIA",209.51,"PCS",outOfStock,0,5,pcs,1,MA
"OI PSYLLIUM WHOLE HUSK 10","OI PSYLLIUM WHOLE HUSK 10","OI PSYLLIUM WHOLE HUSK 10","","ORGANIC INDIA","ORGANIC INDIA",210.47,"PCS",outOfStock,0,5,pcs,1,MA
"OI TRIPHALA POWDER 100G C","OI TRIPHALA POWDER 100G C","OI TRIPHALA POWDER 100G C","","ORGANIC INDIA","ORGANIC INDIA",194.29,"PCS",outOfStock,0,5,pcs,1,MA
"OI WHEAT GRASS 100G CAN","OI WHEAT GRASS 100G CAN","OI WHEAT GRASS 100G CAN","","ORGANIC INDIA","ORGANIC INDIA",344.04,"PCS",outOfStock,0,5,pcs,1,MA
"OI APPLE CIDER VINEGAR 50","OI APPLE CIDER VINEGAR 50","OI APPLE CIDER VINEGAR 50","8305","ORGANIC INDIA","ORGANIC INDIA",403.38,"500ML",outOfStock,0,18,pcs,1,MA
"OI JAGGERY POWDER 500G","OI JAGGERY POWDER 500G","OI JAGGERY POWDER 500G","","ORGANIC INDIA","ORGANIC INDIA",83.81,"500G",outOfStock,0,5,pcs,1,MA
"OI T DETOX KAHWA 25S","OI T DETOX KAHWA 25S","OI T DETOX KAHWA 25S","","ORGANIC INDIA","ORGANIC INDIA",194.29,"PCS",outOfStock,0,5,pcs,1,MA
"OI ARJUNA 60CAP","OI ARJUNA 60CAP","OI ARJUNA 60CAP","","ORGANIC INDIA","ORGANIC INDIA",190.48,"PCS",outOfStock,0,5,pcs,1,MA
"OI T SWEET LEMON 25S","OI T SWEET LEMON 25S","OI T SWEET LEMON 25S","8259","ORGANIC INDIA","ORGANIC INDIA",198.33,"PCS",outOfStock,0,5,pcs,1,MA
"OI STEVIA SACHET 100PCS","OI STEVIA SACHET 100PCS","OI STEVIA SACHET 100PCS","8307","ORGANIC INDIA","ORGANIC INDIA",311.67,"PCS",outOfStock,0,5,pcs,1,MA
"OI T TEA CLASSIC 25S TB","OI T TEA CLASSIC 25S TB","OI T TEA CLASSIC 25S TB","","ORGANIC INDIA","ORGANIC INDIA",194.29,"PCS",outOfStock,0,5,pcs,1,MA
"OI T TEA CLASSIC 100G ZI","OI T TEA CLASSIC 100G ZI","OI T TEA CLASSIC 100G ZI","","ORGANIC INDIA","ORGANIC INDIA",238.81,"PCS",outOfStock,0,5,pcs,1,MA
"OI STEVIA JAR 75G","OI STEVIA JAR 75G","OI STEVIA JAR 75G","8314","ORGANIC INDIA","ORGANIC INDIA",182.14,"PCS",outOfStock,0,5,pcs,1,MA
"OI HONEY-MULTI FLORA 500G","OI HONEY-MULTI FLORA 500G","OI HONEY-MULTI FLORA 500G","8299","ORGANIC INDIA","ORGANIC INDIA",342.86,"PCS",outOfStock,0,5,pcs,1,MA
"OI STEVIA SACHET 25PCS","OI STEVIA SACHET 25PCS","OI STEVIA SACHET 25PCS","8306","ORGANIC INDIA","ORGANIC INDIA",85,"PCS",outOfStock,0,5,pcs,1,MA
"OI CHYAWANPRASH 500GM","OI CHYAWANPRASH 500GM","OI CHYAWANPRASH 500GM","8304","ORGANIC INDIA","ORGANIC INDIA",415.24,"PCS",outOfStock,0,5,pcs,1,MA
"SD C IMLI BOOTA 200GM","SD C IMLI BOOTA 200GM","SD C IMLI BOOTA 200GM","","SHADANI","SHADANI",96.67,"200GM",outOfStock,0,5,pcs,1,MA
"SD C MIX TWIST 215GM","SD C MIX TWIST 215GM","SD C MIX TWIST 215GM","","SHADANI","SHADANI",110,"215GM",outOfStock,0,5,pcs,1,MA
"SD C PLAIN BARSAUNF 160GM","SD C PLAIN BARSAUNF 160GM","SD C PLAIN BARSAUNF 160GM","","SHADANI","SHADANI",146.67,"160GM",outOfStock,0,5,pcs,1,MA
"SD BOX JELLY SANDWICH","SD BOX JELLY SANDWICH","SD BOX JELLY SANDWICH","","SHADANI","SHADANI",428.57,"PCS",outOfStock,0,5,pcs,1,MA
"SD JAR HAZMA HAZMA","SD JAR HAZMA HAZMA","SD JAR HAZMA HAZMA","","SHADANI","SHADANI",190.48,"PCS",outOfStock,0,5,pcs,1,MA
"SD JAR PAAN CANDY","SD JAR PAAN CANDY","SD JAR PAAN CANDY","","SHADANI","SHADANI",190.48,"PCS",outOfStock,0,5,pcs,1,MA
"CASHEW KERNELS (BUKET)","CASHEW KERNELS (BUKET)","CASHEW KERNELS (BUKET)","","OTHER","OTHER",8000,"BOX",outOfStock,0,5,pcs,1,MA
"BY MASALA OATS 500GM","BY MASALA OATS 500GM","BY MASALA OATS 500GM","","OTHER","OTHER",197.93,"PCS",outOfStock,0,5,pcs,1,MA
"SD 5IN1 SAUNF","SD 5IN1 SAUNF","SD 5IN1 SAUNF","","SHADANI","SHADANI",190,"PCS",outOfStock,0,5,pcs,1,MA
"SD C JELLY JELLY 230GM","SD C JELLY JELLY 230GM","SD C JELLY JELLY 230GM","","SHADANI","SHADANI",110,"230GM",outOfStock,0,5,pcs,1,MA
"SD C JELLY BELLY 230GM","SD C JELLY BELLY 230GM","SD C JELLY BELLY 230GM","","SHADANI","SHADANI",92,"230GM",outOfStock,0,5,pcs,1,MA
"SD C ROASTED SPL SAUNF","SD C ROASTED SPL SAUNF","SD C ROASTED SPL SAUNF","","SHADANI","SHADANI",96.67,"200GM",outOfStock,0,5,pcs,1,MA
"SD C SOUTH MIX SAUNF","SD C SOUTH MIX SAUNF","SD C SOUTH MIX SAUNF","","SHADANI","SHADANI",96.67,"200GM",outOfStock,0,5,pcs,1,MA
"SD SU BANARASI PAAN 80GM","SD SU BANARASI PAAN 80GM","SD SU BANARASI PAAN 80GM","","SHADANI","SHADANI",73.33,"80GM",outOfStock,0,5,pcs,1,MA
"SD SU GULAB SUPARI 100GM","SD SU GULAB SUPARI 100GM","SD SU GULAB SUPARI 100GM","","SHADANI","SHADANI",150,"100GM",outOfStock,0,5,pcs,1,MA
"SD SU JASMINE SUPARI 100G","SD SU JASMINE SUPARI 100G","SD SU JASMINE SUPARI 100G","","SHADANI","SHADANI",150,"100GM",outOfStock,0,5,pcs,1,MA
"SD SU JHILMIL SUPARI 80G","SD SU JHILMIL SUPARI 80G","SD SU JHILMIL SUPARI 80G","","SHADANI","SHADANI",136.67,"100GM",outOfStock,0,5,pcs,1,MA
"SD SU NAVRATAN SUPARI 70G","SD SU NAVRATAN SUPARI 70G","SD SU NAVRATAN SUPARI 70G","","SHADANI","SHADANI",73.33,"100GM",outOfStock,0,5,pcs,1,MA
"SD EXPIRY POUCH\","SD EXPIRY POUCH\","SD EXPIRY POUCH\","","SHADANI","SHADANI",56.67,"PCS",outOfStock,0,5,pcs,1,MA
"SACHET UV 8ML","SACHET UV 8ML","SACHET UV 8ML","","NIVEA","NIVEA",0.1,"8 ML",outOfStock,0,18,pcs,1,MA
"STAND","STAND","STAND","","OTHER","OTHER",0.85,"PCS",outOfStock,0,18,pcs,1,MA
"OI LIPID CARE 60CAP","OI LIPID CARE 60CAP","OI LIPID CARE 60CAP","","ORGANIC INDIA","ORGANIC INDIA",203.43,"PCS",outOfStock,0,5,pcs,1,MA
"OI TETLEY LEMON-HO 25S","OI TETLEY LEMON-HO 25S","OI TETLEY LEMON-HO 25S","","ORGANIC INDIA","ORGANIC INDIA",157.35,"PCS",outOfStock,0,5,pcs,1,MA
"OI TETLEY SLIM CARE 10S","OI TETLEY SLIM CARE 10S","OI TETLEY SLIM CARE 10S","","ORGANIC INDIA","ORGANIC INDIA",66.25,"PCS",outOfStock,0,5,pcs,1,MA
"OI SOU CHEESE WAFER BOX","OI SOU CHEESE WAFER BOX","OI SOU CHEESE WAFER BOX","","ORGANIC INDIA","ORGANIC INDIA",127.55,"PCS",outOfStock,0,5,pcs,1,MA
"OI SOU CHOCO WAFER BOX","OI SOU CHOCO WAFER BOX","OI SOU CHOCO WAFER BOX","","ORGANIC INDIA","ORGANIC INDIA",127.55,"PCS",outOfStock,0,5,pcs,1,MA
"OI TETLEY GIN-MIN-LEM 25S","OI TETLEY GIN-MIN-LEM 25S","OI TETLEY GIN-MIN-LEM 25S","","ORGANIC INDIA","ORGANIC INDIA",149.07,"PCS",outOfStock,0,5,pcs,1,MA
"OI TETLEY GIN-MIN-LEM 10S","OI TETLEY GIN-MIN-LEM 10S","OI TETLEY GIN-MIN-LEM 10S","","ORGANIC INDIA","ORGANIC INDIA",57.97,"PCS",outOfStock,0,5,pcs,1,MA
"OI TETLEY REGULAR 25S","OI TETLEY REGULAR 25S","OI TETLEY REGULAR 25S","","ORGANIC INDIA","ORGANIC INDIA",157.86,"PCS",outOfStock,0,5,pcs,1,MA
"OI TETLEY REGULAR 10S","OI TETLEY REGULAR 10S","OI TETLEY REGULAR 10S","","ORGANIC INDIA","ORGANIC INDIA",57.97,"PCS",outOfStock,0,5,pcs,1,MA
"SD P HAZMA HAZAM 100G","SD P HAZMA HAZAM 100G","SD P HAZMA HAZAM 100G","","SHADANI","SHADANI",40,"100GM",outOfStock,0,5,pcs,1,MA
"SD P ROASTED MIX SAUNF 10","SD P ROASTED MIX SAUNF 10","SD P ROASTED MIX SAUNF 10","","SHADANI","SHADANI",41.33,"100GM",outOfStock,0,5,pcs,1,MA
"SD P SUGAR COATED SAUNF 1","SD P SUGAR COATED SAUNF 1","SD P SUGAR COATED SAUNF 1","","SHADANI","SHADANI",380,"100GM",outOfStock,0,5,pcs,1,MA
"OI HONEY-ASHWAGANDHA","OI HONEY-ASHWAGANDHA","OI HONEY-ASHWAGANDHA","","ORGANIC INDIA","ORGANIC INDIA",133.33,"PCS",outOfStock,0,5,pcs,1,MA
"SD C HING GOLI 200GM","SD C HING GOLI 200GM","SD C HING GOLI 200GM","","SHADANI","SHADANI",92,"200GM",outOfStock,0,5,pcs,1,MA
"SD P COCONUT PEDA 100G","SD P COCONUT PEDA 100G","SD P COCONUT PEDA 100G","","SHADANI","SHADANI",45.33,"PCS",outOfStock,0,5,pcs,1,MA
"MO MUSTARD OIL","MO MUSTARD OIL","MO MUSTARD OIL","","ORGANIC INDIA","ORGANIC INDIA",257.14,"PCS",outOfStock,0,5,pcs,1,MA
"MO SUNFLOWER OIL","MO SUNFLOWER OIL","MO SUNFLOWER OIL","","ORGANIC INDIA","ORGANIC INDIA",321.43,"PCS",outOfStock,0,5,pcs,1,MA
"SD C BLACK CURRANT CANDY","SD C BLACK CURRANT CANDY","SD C BLACK CURRANT CANDY","","SHADANI","SHADANI",90,"230GM",outOfStock,0,5,pcs,1,MA
"SD P BLACK CURR CANDY 100","SD P BLACK CURR CANDY 100","SD P BLACK CURR CANDY 100","","SHADANI","SHADANI",30,"100GM",outOfStock,0,5,pcs,1,MA
"SD MANGO BITE BOX 200G","SD MANGO BITE BOX 200G","SD MANGO BITE BOX 200G","","SHADANI","SHADANI",116.67,"200GM",outOfStock,0,5,pcs,1,MA
"SD IMLI BITE BOX 200G","SD IMLI BITE BOX 200G","SD IMLI BITE BOX 200G","","SHADANI","SHADANI",116.67,"200GM",outOfStock,0,5,pcs,1,MA
"SOFT UV 200 ML","SOFT UV 200 ML","SOFT UV 200 ML","","NIVEA","NIVEA",449.25,"200 ML",outOfStock,0,18,pcs,1,MA
"DU AAA 10PCS","DU AAA 10PCS","DU AAA 10PCS","","ORGANIC INDIA","ORGANIC INDIA",195.6,"PCS",outOfStock,0,18,pcs,1,MA
"SD JELLY ROSE POP","SD JELLY ROSE POP","SD JELLY ROSE POP","","SHADANI","SHADANI",428.57,"PCS",outOfStock,0,5,pcs,1,MA
"DU AA  10PCS","DU AA  10PCS","DU AA  10PCS","","ORGANIC INDIA","ORGANIC INDIA",195.6,"PCS",outOfStock,0,18,pcs,1,MA
"DIAPER RELIANCE","DIAPER RELIANCE","DIAPER RELIANCE","","OTHER","OTHER",22.86,"PCS",outOfStock,0,5,pcs,1,MA
"OI T LEMON GINGER TIN","OI T LEMON GINGER TIN","OI T LEMON GINGER TIN","","ORGANIC INDIA","ORGANIC INDIA",242.86,"PCS",outOfStock,0,5,pcs,1,MA
"SD C FLUFFY MARSHMELLOW","SD C FLUFFY MARSHMELLOW","SD C FLUFFY MARSHMELLOW","","SHADANI","SHADANI",86.67,"70G",outOfStock,0,5,pcs,1,MA
"SD C KACHA AAM CANDY","SD C KACHA AAM CANDY","SD C KACHA AAM CANDY","","SHADANI","SHADANI",90,"PCS",outOfStock,0,5,pcs,1,MA
"SD P MADRASI SAUNF 100GM","SD P MADRASI SAUNF 100GM","SD P MADRASI SAUNF 100GM","","SHADANI","SHADANI",62,"100GM",outOfStock,0,5,pcs,1,MA
"SD P FRUIT BALL 100GM","SD P FRUIT BALL 100GM","SD P FRUIT BALL 100GM","","SHADANI","SHADANI",36.67,"100GM",outOfStock,0,5,pcs,1,MA
"SD P CHENNAI SAUNF 100G","SD P CHENNAI SAUNF 100G","SD P CHENNAI SAUNF 100G","","SHADANI","SHADANI",62,"100",outOfStock,0,5,pcs,1,MA
"MO RICE FLOUR 500GM","MO RICE FLOUR 500GM","MO RICE FLOUR 500GM","","ORGANIC INDIA","ORGANIC INDIA",49.52,"500G",outOfStock,0,5,pcs,1,MA
"MO RAGI FLOUR 500GM","MO RAGI FLOUR 500GM","MO RAGI FLOUR 500GM","","ORGANIC INDIA","ORGANIC INDIA",60.95,"500G",outOfStock,0,5,pcs,1,MA
"MO JOWAR FLOUR 500GM","MO JOWAR FLOUR 500GM","MO JOWAR FLOUR 500GM","","ORGANIC INDIA","ORGANIC INDIA",64.76,"500G",outOfStock,0,5,pcs,1,MA
"MO PEANUT 500G","MO PEANUT 500G","MO PEANUT 500G","","ORGANIC INDIA","ORGANIC INDIA",125.71,"500G",outOfStock,0,5,pcs,1,MA
"MO PUFFED RICE 200G","MO PUFFED RICE 200G","MO PUFFED RICE 200G","","ORGANIC INDIA","ORGANIC INDIA",38.1,"200G",outOfStock,0,5,pcs,1,MA
"MO WHOLE WHEAT AATA 5KG","MO WHOLE WHEAT AATA 5KG","MO WHOLE WHEAT AATA 5KG","","ORGANIC INDIA","ORGANIC INDIA",300.95,"5KG",outOfStock,0,5,pcs,1,MA
"OI SHILAJIT RESIN 20GM","OI SHILAJIT RESIN 20GM","OI SHILAJIT RESIN 20GM","","ORGANIC INDIA","ORGANIC INDIA",1065.9,"PCS",outOfStock,0,5,pcs,1,MA
"RO DC DEFEND 50ML","RO DC DEFEND 50ML","RO DC DEFEND 50ML","91768","NIVEA","NIVEA",186.75,"PCS",outOfStock,0,18,pcs,1,MA
"RO DC EVEN TONE 50ML","RO DC EVEN TONE 50ML","RO DC EVEN TONE 50ML","91780","NIVEA","NIVEA",186.75,"PCS",outOfStock,0,18,pcs,1,MA
"SACHET SOFT 8ML","SACHET SOFT 8ML","SACHET SOFT 8ML","80180","NIVEA","NIVEA",180,"8 ML",outOfStock,0,18,pcs,1,MA
"OI BILONA GHEE 500ML","OI BILONA GHEE 500ML","OI BILONA GHEE 500ML","","ORGANIC INDIA","ORGANIC INDIA",838.1,"PCS",outOfStock,0,5,pcs,1,MA
"OI SAT ISABGOL 100G ORANG","OI SAT ISABGOL 100G ORANG","OI SAT ISABGOL 100G ORANG","","ORGANIC INDIA","ORGANIC INDIA",304.76,"PCS",outOfStock,0,5,pcs,1,MA
"25ML RO DC DEFEND","25ML RO DC DEFEND","25ML RO DC DEFEND","91770","NIVEA","NIVEA",93.75,"25 ML",outOfStock,0,18,pcs,1,MA
"DEO DC DEFEND","DEO DC DEFEND","DEO DC DEFEND","91765","NIVEA","NIVEA",265.79,"150ML",outOfStock,0,18,pcs,1,MA
"DEO DC EVEN TONE","DEO DC EVEN TONE","DEO DC EVEN TONE","91776","NIVEA","NIVEA",265.79,"150ML",outOfStock,0,18,pcs,1,MA
"SD C TURMERIC SAUNF 200G","SD C TURMERIC SAUNF 200G","SD C TURMERIC SAUNF 200G","","SHADANI","SHADANI",96.67,"200GM",outOfStock,0,5,pcs,1,MA
"MO BAJRA FLOUR 500G","MO BAJRA FLOUR 500G","MO BAJRA FLOUR 500G","","ORGANIC INDIA","ORGANIC INDIA",49.52,"500G",outOfStock,0,5,pcs,1,MA
"MO BROWN SUGAR 500GM","MO BROWN SUGAR 500GM","MO BROWN SUGAR 500GM","","ORGANIC INDIA","ORGANIC INDIA",68.57,"500GM",outOfStock,0,5,pcs,1,MA
"SD P FLUFFY MARSHMELLOW","SD P FLUFFY MARSHMELLOW","SD P FLUFFY MARSHMELLOW","","SHADANI","SHADANI",33.33,"PCS",outOfStock,0,5,pcs,1,MA
"SD P HARDE SPECIAL","SD P HARDE SPECIAL","SD P HARDE SPECIAL","","SHADANI","SHADANI",39.33,"100GM",outOfStock,0,5,pcs,1,MA
"OI SAT ISABGOL 100G-CINNA","OI SAT ISABGOL 100G-CINNA","OI SAT ISABGOL 100G-CINNA","","ORGANIC INDIA","ORGANIC INDIA",304.76,"PCS",outOfStock,0,5,pcs,1,MA
"CETAPHIL MOIS LOTION 100M","CETAPHIL MOIS LOTION 100M","CETAPHIL MOIS LOTION 100M","","OTHER","OTHER",525.42,"PCS",outOfStock,0,18,pcs,1,MA
"SOFT UV  25 ML","SOFT UV  25 ML","SOFT UV  25 ML","93936","NIVEA","NIVEA",48.75,"25 ML",outOfStock,0,18,pcs,1,MA
"SG MEN ACTIVE CLEAN","SG MEN ACTIVE CLEAN","SG MEN ACTIVE CLEAN","84045","NIVEA","NIVEA",225.73,"250 ML",outOfStock,0,18,pcs,1,MA
"SG MEN COOL KICK","SG MEN COOL KICK","SG MEN COOL KICK","80702","NIVEA","NIVEA",215.72,"250 ML",outOfStock,0,18,pcs,1,MA
"SG MEN DEEP IMPACT","SG MEN DEEP IMPACT","SG MEN DEEP IMPACT","84086","NIVEA","NIVEA",254.24,"250 ML",outOfStock,0,18,pcs,1,MA
"SG MEN ENERGY","SG MEN ENERGY","SG MEN ENERGY","80803","NIVEA","NIVEA",191.83,"250 ML",outOfStock,0,18,pcs,1,MA
"SG MEN PURE IMPACT","SG MEN PURE IMPACT","SG MEN PURE IMPACT","80892","NIVEA","NIVEA",225.73,"250 ML",outOfStock,0,18,pcs,1,MA
"SG MEN VITALITY FRESH","SG MEN VITALITY FRESH","SG MEN VITALITY FRESH","80800","NIVEA","NIVEA",215.72,"250 ML",outOfStock,0,18,pcs,1,MA
"CT LOTION 118ML","CT LOTION 118ML","CT LOTION 118ML","","OTHER","OTHER",789,"PCS",outOfStock,0,18,pcs,1,MA
"1MG HOT WATER BAG","1MG HOT WATER BAG","1MG HOT WATER BAG","","ORGANIC INDIA","ORGANIC INDIA",305.08,"PCS",outOfStock,0,18,pcs,1,MA
"1MG TRIPLE STRENGHT OMEGA","1MG TRIPLE STRENGHT OMEGA","1MG TRIPLE STRENGHT OMEGA","","ORGANIC INDIA","ORGANIC INDIA",763.77,"PCS",outOfStock,0,5,pcs,1,MA
"1MG CALCIUM+VITD3","1MG CALCIUM+VITD3","1MG CALCIUM+VITD3","","ORGANIC INDIA","ORGANIC INDIA",324.1,"PCS",outOfStock,0,5,pcs,1,MA
"1MG MAGNESIUYM GLYCINATE","1MG MAGNESIUYM GLYCINATE","1MG MAGNESIUYM GLYCINATE","","ORGANIC INDIA","ORGANIC INDIA",413.12,"PCS",outOfStock,0,5,pcs,1,MA
"1MG WOMEN MULTIVITAMIN","1MG WOMEN MULTIVITAMIN","1MG WOMEN MULTIVITAMIN","","ORGANIC INDIA","ORGANIC INDIA",413.12,"PCS",outOfStock,0,5,pcs,1,MA
"1MG AMLA JUICE","1MG AMLA JUICE","1MG AMLA JUICE","","ORGANIC INDIA","ORGANIC INDIA",178.83,"PCS",outOfStock,0,5,pcs,1,MA
"1MG KARELA JAMUN JUICE","1MG KARELA JAMUN JUICE","1MG KARELA JAMUN JUICE","","ORGANIC INDIA","ORGANIC INDIA",178.83,"PCS",outOfStock,0,5,pcs,1,MA
"1MG BABY DIAPER XL 28PCS","1MG BABY DIAPER XL 28PCS","1MG BABY DIAPER XL 28PCS","","ORGANIC INDIA","ORGANIC INDIA",595,"PCS",outOfStock,0,5,pcs,1,MA
"1MG BABY DIAPER M 36PCS","1MG BABY DIAPER M 36PCS","1MG BABY DIAPER M 36PCS","","ORGANIC INDIA","ORGANIC INDIA",491.38,"PCS",outOfStock,0,5,pcs,1,MA
"1MG BABY DIAPER L 32PCS","1MG BABY DIAPER L 32PCS","1MG BABY DIAPER L 32PCS","","ORGANIC INDIA","ORGANIC INDIA",534.28,"PCS",outOfStock,0,5,pcs,1,MA
"1MG ADULT DIAPER XL 10PCS","1MG ADULT DIAPER XL 10PCS","1MG ADULT DIAPER XL 10PCS","","ORGANIC INDIA","ORGANIC INDIA",443.61,"PCS",outOfStock,0,5,pcs,1,MA
"1MG BABY DIAPER S 38PCS","1MG BABY DIAPER S 38PCS","1MG BABY DIAPER S 38PCS","","ORGANIC INDIA","ORGANIC INDIA",403.14,"PCS",outOfStock,0,5,pcs,1,MA
"1MG BABY DIAPER NB 30PCS","1MG BABY DIAPER NB 30PCS","1MG BABY DIAPER NB 30PCS","","ORGANIC INDIA","ORGANIC INDIA",250.14,"PCS",outOfStock,0,5,pcs,1,MA
"1MG ADULT PANT XL 10PCS","1MG ADULT PANT XL 10PCS","1MG ADULT PANT XL 10PCS","","ORGANIC INDIA","ORGANIC INDIA",488.95,"PCS",outOfStock,0,5,pcs,1,MA
"1MG ADULT DIAPER L 10PCS","1MG ADULT DIAPER L 10PCS","1MG ADULT DIAPER L 10PCS","","ORGANIC INDIA","ORGANIC INDIA",425,"PCS",outOfStock,0,5,pcs,1,MA
"1MG ADULT DIAPER M 10PCS","1MG ADULT DIAPER M 10PCS","1MG ADULT DIAPER M 10PCS","","ORGANIC INDIA","ORGANIC INDIA",375.61,"PCS",outOfStock,0,5,pcs,1,MA
"1MG ADULT PANT L 10PCS","1MG ADULT PANT L 10PCS","1MG ADULT PANT L 10PCS","","ORGANIC INDIA","ORGANIC INDIA",450.9,"PCS",outOfStock,0,5,pcs,1,MA
"1MG ADULT PANT M 10PCS","1MG ADULT PANT M 10PCS","1MG ADULT PANT M 10PCS","","ORGANIC INDIA","ORGANIC INDIA",412.85,"PCS",outOfStock,0,5,pcs,1,MA
"1MG ALOEVERA JUICE","1MG ALOEVERA JUICE","1MG ALOEVERA JUICE","","ORGANIC INDIA","ORGANIC INDIA",142.13,"PCS",outOfStock,0,5,pcs,1,MA
"1MG MULTIVITAMIN GUMMIES","1MG MULTIVITAMIN GUMMIES","1MG MULTIVITAMIN GUMMIES","","ORGANIC INDIA","ORGANIC INDIA",308.47,"PCS",outOfStock,0,5,pcs,1,MA
"1MG SR.50+ MULTIVIT TAB","1MG SR.50+ MULTIVIT TAB","1MG SR.50+ MULTIVIT TAB","","ORGANIC INDIA","ORGANIC INDIA",238.97,"PCS",outOfStock,0,5,pcs,1,MA
"1MG NONI JUICE PLUS","1MG NONI JUICE PLUS","1MG NONI JUICE PLUS","","ORGANIC INDIA","ORGANIC INDIA",252.24,"PCS",outOfStock,0,5,pcs,1,MA
"1MG WEIGHT MGMT FRUIT","1MG WEIGHT MGMT FRUIT","1MG WEIGHT MGMT FRUIT","","ORGANIC INDIA","ORGANIC INDIA",198.09,"PCS",outOfStock,0,18,pcs,1,MA
"1MG GILOY TULSI JUICE","1MG GILOY TULSI JUICE","1MG GILOY TULSI JUICE","","ORGANIC INDIA","ORGANIC INDIA",128.07,"PCS",outOfStock,0,5,pcs,1,MA
"1MG JAMUN CIDER VINEGAR","1MG JAMUN CIDER VINEGAR","1MG JAMUN CIDER VINEGAR","","ORGANIC INDIA","ORGANIC INDIA",342.16,"PCS",outOfStock,0,18,pcs,1,MA
"1MG COD LIVER OIL","1MG COD LIVER OIL","1MG COD LIVER OIL","","ORGANIC INDIA","ORGANIC INDIA",246,"PCS",outOfStock,0,5,pcs,1,MA
"1MG SALMON OMG3 OIL","1MG SALMON OMG3 OIL","1MG SALMON OMG3 OIL","","ORGANIC INDIA","ORGANIC INDIA",413.12,"PCS",outOfStock,0,5,pcs,1,MA
"1MG BIOTIN GUMMIES","1MG BIOTIN GUMMIES","1MG BIOTIN GUMMIES","16472","ORGANIC INDIA","ORGANIC INDIA",343.62,"PCS",outOfStock,0,5,pcs,1,MA
"1MG PROBIOTICS CAPS","1MG PROBIOTICS CAPS","1MG PROBIOTICS CAPS","16473","ORGANIC INDIA","ORGANIC INDIA",225.72,"PCS",outOfStock,0,5,pcs,1,MA
"1MG HAIR SKIN SUPREME CAP","1MG HAIR SKIN SUPREME CAP","1MG HAIR SKIN SUPREME CAP","16474","ORGANIC INDIA","ORGANIC INDIA",413.14,"PCS",outOfStock,0,5,pcs,1,MA
"OI REVITALISE SLEEP 25S","OI REVITALISE SLEEP 25S","OI REVITALISE SLEEP 25S","","ORGANIC INDIA","ORGANIC INDIA",242.05,"PCS",outOfStock,0,5,pcs,1,MA
"OI REVITALISE THROAT 25S","OI REVITALISE THROAT 25S","OI REVITALISE THROAT 25S","","ORGANIC INDIA","ORGANIC INDIA",242.05,"PCS",outOfStock,0,5,pcs,1,MA
"SUPER 10 GLOW 170ML","SUPER 10 GLOW 170ML","SUPER 10 GLOW 170ML","93830","NIVEA","NIVEA",262.5,"170 ML",outOfStock,0,18,pcs,1,MA
"SUPER 10 YOUTH 170ML","SUPER 10 YOUTH 170ML","SUPER 10 YOUTH 170ML","93825","NIVEA","NIVEA",262.5,"170 ML",outOfStock,0,18,pcs,1,MA
"OI EXPIRY","OI EXPIRY","OI EXPIRY","","ORGANIC INDIA","ORGANIC INDIA",171.43,"PCS",outOfStock,0,5,pcs,1,MA
"OI GARCINIA CAMBOGIA 60PC","OI GARCINIA CAMBOGIA 60PC","OI GARCINIA CAMBOGIA 60PC","","ORGANIC INDIA","ORGANIC INDIA",211.05,"PCS",outOfStock,0,5,pcs,1,MA
"SOOTHING EYE MASK GEL","SOOTHING EYE MASK GEL","SOOTHING EYE MASK GEL","","ORGANIC INDIA","ORGANIC INDIA",117.59,"PCS",outOfStock,0,18,pcs,1,MA
"SUPER 10 GLOW  70ML","SUPER 10 GLOW  70ML","SUPER 10 GLOW  70ML","93765","NIVEA","NIVEA",111.75,"70 ML",outOfStock,0,18,pcs,1,MA